preprocessing,k,seed,split,cluster,count,proportion
raw,2,42,train,0,217,0.821969696969697
raw,2,42,train,1,47,0.178030303030303
raw,2,42,validation,0,81,0.920454545454545
raw,2,42,validation,1,7,0.0795454545454545
raw,2,43,train,0,47,0.178030303030303
raw,2,43,train,1,217,0.821969696969697
raw,2,43,validation,0,7,0.0795454545454545
raw,2,43,validation,1,81,0.920454545454545
raw,2,44,train,0,217,0.821969696969697
raw,2,44,train,1,47,0.178030303030303
raw,2,44,validation,0,81,0.920454545454545
raw,2,44,validation,1,7,0.0795454545454545
raw,2,45,train,0,217,0.821969696969697
raw,2,45,train,1,47,0.178030303030303
raw,2,45,validation,0,81,0.920454545454545
raw,2,45,validation,1,7,0.0795454545454545
raw,2,46,train,0,47,0.178030303030303
raw,2,46,train,1,217,0.821969696969697
raw,2,46,validation,0,7,0.0795454545454545
raw,2,46,validation,1,81,0.920454545454545
raw,2,47,train,0,217,0.821969696969697
raw,2,47,train,1,47,0.178030303030303
raw,2,47,validation,0,81,0.920454545454545
raw,2,47,validation,1,7,0.0795454545454545
raw,2,48,train,0,217,0.821969696969697
raw,2,48,train,1,47,0.178030303030303
raw,2,48,validation,0,81,0.920454545454545
raw,2,48,validation,1,7,0.0795454545454545
raw,2,49,train,0,217,0.821969696969697
raw,2,49,train,1,47,0.178030303030303
raw,2,49,validation,0,81,0.920454545454545
raw,2,49,validation,1,7,0.0795454545454545
raw,2,50,train,0,217,0.821969696969697
raw,2,50,train,1,47,0.178030303030303
raw,2,50,validation,0,81,0.920454545454545
raw,2,50,validation,1,7,0.0795454545454545
raw,2,51,train,0,47,0.178030303030303
raw,2,51,train,1,217,0.821969696969697
raw,2,51,validation,0,7,0.0795454545454545
raw,2,51,validation,1,81,0.920454545454545
raw,3,42,train,0,182,0.689393939393939
raw,3,42,train,1,58,0.21969696969697
raw,3,42,train,2,24,0.0909090909090909
raw,3,42,validation,0,68,0.772727272727273
raw,3,42,validation,1,10,0.113636363636364
raw,3,42,validation,2,10,0.113636363636364
raw,3,43,train,0,24,0.0909090909090909
raw,3,43,train,1,182,0.689393939393939
raw,3,43,train,2,58,0.21969696969697
raw,3,43,validation,0,10,0.113636363636364
raw,3,43,validation,1,68,0.772727272727273
raw,3,43,validation,2,10,0.113636363636364
raw,3,44,train,0,56,0.212121212121212
raw,3,44,train,1,184,0.696969696969697
raw,3,44,train,2,24,0.0909090909090909
raw,3,44,validation,0,9,0.102272727272727
raw,3,44,validation,1,69,0.784090909090909
raw,3,44,validation,2,10,0.113636363636364
raw,3,45,train,0,56,0.212121212121212
raw,3,45,train,1,24,0.0909090909090909
raw,3,45,train,2,184,0.696969696969697
raw,3,45,validation,0,9,0.102272727272727
raw,3,45,validation,1,10,0.113636363636364
raw,3,45,validation,2,69,0.784090909090909
raw,3,46,train,0,193,0.731060606060606
raw,3,46,train,1,24,0.0909090909090909
raw,3,46,train,2,47,0.178030303030303
raw,3,46,validation,0,70,0.795454545454545
raw,3,46,validation,1,10,0.113636363636364
raw,3,46,validation,2,8,0.0909090909090909
raw,3,47,train,0,182,0.689393939393939
raw,3,47,train,1,58,0.21969696969697
raw,3,47,train,2,24,0.0909090909090909
raw,3,47,validation,0,68,0.772727272727273
raw,3,47,validation,1,10,0.113636363636364
raw,3,47,validation,2,10,0.113636363636364
raw,3,48,train,0,56,0.212121212121212
raw,3,48,train,1,24,0.0909090909090909
raw,3,48,train,2,184,0.696969696969697
raw,3,48,validation,0,9,0.102272727272727
raw,3,48,validation,1,10,0.113636363636364
raw,3,48,validation,2,69,0.784090909090909
raw,3,49,train,0,184,0.696969696969697
raw,3,49,train,1,24,0.0909090909090909
raw,3,49,train,2,56,0.212121212121212
raw,3,49,validation,0,69,0.784090909090909
raw,3,49,validation,1,10,0.113636363636364
raw,3,49,validation,2,9,0.102272727272727
raw,3,50,train,0,58,0.21969696969697
raw,3,50,train,1,182,0.689393939393939
raw,3,50,train,2,24,0.0909090909090909
raw,3,50,validation,0,10,0.113636363636364
raw,3,50,validation,1,68,0.772727272727273
raw,3,50,validation,2,10,0.113636363636364
raw,3,51,train,0,193,0.731060606060606
raw,3,51,train,1,24,0.0909090909090909
raw,3,51,train,2,47,0.178030303030303
raw,3,51,validation,0,70,0.795454545454545
raw,3,51,validation,1,10,0.113636363636364
raw,3,51,validation,2,8,0.0909090909090909
raw,4,42,train,0,39,0.147727272727273
raw,4,42,train,1,162,0.613636363636364
raw,4,42,train,2,5,0.0189393939393939
raw,4,42,train,3,58,0.21969696969697
raw,4,42,validation,0,23,0.261363636363636
raw,4,42,validation,1,53,0.602272727272727
raw,4,42,validation,2,1,0.0113636363636364
raw,4,42,validation,3,11,0.125
raw,4,43,train,0,47,0.178030303030303
raw,4,43,train,1,174,0.659090909090909
raw,4,43,train,2,4,0.0151515151515152
raw,4,43,train,3,39,0.147727272727273
raw,4,43,validation,0,7,0.0795454545454545
raw,4,43,validation,1,57,0.647727272727273
raw,4,43,validation,2,1,0.0113636363636364
raw,4,43,validation,3,23,0.261363636363636
raw,4,44,train,0,58,0.21969696969697
raw,4,44,train,1,37,0.140151515151515
raw,4,44,train,2,5,0.0189393939393939
raw,4,44,train,3,164,0.621212121212121
raw,4,44,validation,0,11,0.125
raw,4,44,validation,1,22,0.25
raw,4,44,validation,2,1,0.0113636363636364
raw,4,44,validation,3,54,0.613636363636364
raw,4,45,train,0,39,0.147727272727273
raw,4,45,train,1,178,0.674242424242424
raw,4,45,train,2,43,0.162878787878788
raw,4,45,train,3,4,0.0151515151515152
raw,4,45,validation,0,23,0.261363636363636
raw,4,45,validation,1,58,0.659090909090909
raw,4,45,validation,2,6,0.0681818181818182
raw,4,45,validation,3,1,0.0113636363636364
raw,4,46,train,0,39,0.147727272727273
raw,4,46,train,1,58,0.21969696969697
raw,4,46,train,2,5,0.0189393939393939
raw,4,46,train,3,162,0.613636363636364
raw,4,46,validation,0,23,0.261363636363636
raw,4,46,validation,1,11,0.125
raw,4,46,validation,2,1,0.0113636363636364
raw,4,46,validation,3,53,0.602272727272727
raw,4,47,train,0,163,0.617424242424242
raw,4,47,train,1,58,0.21969696969697
raw,4,47,train,2,38,0.143939393939394
raw,4,47,train,3,5,0.0189393939393939
raw,4,47,validation,0,54,0.613636363636364
raw,4,47,validation,1,11,0.125
raw,4,47,validation,2,22,0.25
raw,4,47,validation,3,1,0.0113636363636364
raw,4,48,train,0,58,0.21969696969697
raw,4,48,train,1,162,0.613636363636364
raw,4,48,train,2,39,0.147727272727273
raw,4,48,train,3,5,0.0189393939393939
raw,4,48,validation,0,11,0.125
raw,4,48,validation,1,53,0.602272727272727
raw,4,48,validation,2,23,0.261363636363636
raw,4,48,validation,3,1,0.0113636363636364
raw,4,49,train,0,39,0.147727272727273
raw,4,49,train,1,5,0.0189393939393939
raw,4,49,train,2,58,0.21969696969697
raw,4,49,train,3,162,0.613636363636364
raw,4,49,validation,0,23,0.261363636363636
raw,4,49,validation,1,1,0.0113636363636364
raw,4,49,validation,2,11,0.125
raw,4,49,validation,3,53,0.602272727272727
raw,4,50,train,0,47,0.178030303030303
raw,4,50,train,1,174,0.659090909090909
raw,4,50,train,2,4,0.0151515151515152
raw,4,50,train,3,39,0.147727272727273
raw,4,50,validation,0,7,0.0795454545454545
raw,4,50,validation,1,57,0.647727272727273
raw,4,50,validation,2,1,0.0113636363636364
raw,4,50,validation,3,23,0.261363636363636
raw,4,51,train,0,162,0.613636363636364
raw,4,51,train,1,58,0.21969696969697
raw,4,51,train,2,5,0.0189393939393939
raw,4,51,train,3,39,0.147727272727273
raw,4,51,validation,0,53,0.602272727272727
raw,4,51,validation,1,11,0.125
raw,4,51,validation,2,1,0.0113636363636364
raw,4,51,validation,3,23,0.261363636363636
raw,5,42,train,0,149,0.564393939393939
raw,5,42,train,1,7,0.0265151515151515
raw,5,42,train,2,38,0.143939393939394
raw,5,42,train,3,66,0.25
raw,5,42,train,4,4,0.0151515151515152
raw,5,42,validation,0,48,0.545454545454545
raw,5,42,validation,1,3,0.0340909090909091
raw,5,42,validation,2,23,0.261363636363636
raw,5,42,validation,3,13,0.147727272727273
raw,5,42,validation,4,1,0.0113636363636364
raw,5,43,train,0,67,0.253787878787879
raw,5,43,train,1,13,0.0492424242424242
raw,5,43,train,2,144,0.545454545454545
raw,5,43,train,3,4,0.0151515151515152
raw,5,43,train,4,36,0.136363636363636
raw,5,43,validation,0,14,0.159090909090909
raw,5,43,validation,1,4,0.0454545454545455
raw,5,43,validation,2,47,0.534090909090909
raw,5,43,validation,3,1,0.0113636363636364
raw,5,43,validation,4,22,0.25
raw,5,44,train,0,67,0.253787878787879
raw,5,44,train,1,36,0.136363636363636
raw,5,44,train,2,4,0.0151515151515152
raw,5,44,train,3,144,0.545454545454545
raw,5,44,train,4,13,0.0492424242424242
raw,5,44,validation,0,14,0.159090909090909
raw,5,44,validation,1,22,0.25
raw,5,44,validation,2,1,0.0113636363636364
raw,5,44,validation,3,47,0.534090909090909
raw,5,44,validation,4,4,0.0454545454545455
raw,5,45,train,0,144,0.545454545454545
raw,5,45,train,1,4,0.0151515151515152
raw,5,45,train,2,67,0.253787878787879
raw,5,45,train,3,36,0.136363636363636
raw,5,45,train,4,13,0.0492424242424242
raw,5,45,validation,0,47,0.534090909090909
raw,5,45,validation,1,1,0.0113636363636364
raw,5,45,validation,2,14,0.159090909090909
raw,5,45,validation,3,22,0.25
raw,5,45,validation,4,4,0.0454545454545455
raw,5,46,train,0,67,0.253787878787879
raw,5,46,train,1,4,0.0151515151515152
raw,5,46,train,2,144,0.545454545454545
raw,5,46,train,3,13,0.0492424242424242
raw,5,46,train,4,36,0.136363636363636
raw,5,46,validation,0,14,0.159090909090909
raw,5,46,validation,1,1,0.0113636363636364
raw,5,46,validation,2,47,0.534090909090909
raw,5,46,validation,3,4,0.0454545454545455
raw,5,46,validation,4,22,0.25
raw,5,47,train,0,145,0.549242424242424
raw,5,47,train,1,36,0.136363636363636
raw,5,47,train,2,13,0.0492424242424242
raw,5,47,train,3,4,0.0151515151515152
raw,5,47,train,4,66,0.25
raw,5,47,validation,0,47,0.534090909090909
raw,5,47,validation,1,22,0.25
raw,5,47,validation,2,4,0.0454545454545455
raw,5,47,validation,3,1,0.0113636363636364
raw,5,47,validation,4,14,0.159090909090909
raw,5,48,train,0,144,0.545454545454545
raw,5,48,train,1,67,0.253787878787879
raw,5,48,train,2,36,0.136363636363636
raw,5,48,train,3,4,0.0151515151515152
raw,5,48,train,4,13,0.0492424242424242
raw,5,48,validation,0,47,0.534090909090909
raw,5,48,validation,1,14,0.159090909090909
raw,5,48,validation,2,22,0.25
raw,5,48,validation,3,1,0.0113636363636364
raw,5,48,validation,4,4,0.0454545454545455
raw,5,49,train,0,145,0.549242424242424
raw,5,49,train,1,7,0.0265151515151515
raw,5,49,train,2,70,0.265151515151515
raw,5,49,train,3,4,0.0151515151515152
raw,5,49,train,4,38,0.143939393939394
raw,5,49,validation,0,49,0.556818181818182
raw,5,49,validation,1,3,0.0340909090909091
raw,5,49,validation,2,13,0.147727272727273
raw,5,49,validation,3,1,0.0113636363636364
raw,5,49,validation,4,22,0.25
raw,5,50,train,0,67,0.253787878787879
raw,5,50,train,1,144,0.545454545454545
raw,5,50,train,2,36,0.136363636363636
raw,5,50,train,3,13,0.0492424242424242
raw,5,50,train,4,4,0.0151515151515152
raw,5,50,validation,0,14,0.159090909090909
raw,5,50,validation,1,47,0.534090909090909
raw,5,50,validation,2,22,0.25
raw,5,50,validation,3,4,0.0454545454545455
raw,5,50,validation,4,1,0.0113636363636364
raw,5,51,train,0,145,0.549242424242424
raw,5,51,train,1,13,0.0492424242424242
raw,5,51,train,2,4,0.0151515151515152
raw,5,51,train,3,66,0.25
raw,5,51,train,4,36,0.136363636363636
raw,5,51,validation,0,47,0.534090909090909
raw,5,51,validation,1,4,0.0454545454545455
raw,5,51,validation,2,1,0.0113636363636364
raw,5,51,validation,3,14,0.159090909090909
raw,5,51,validation,4,22,0.25
raw,6,42,train,0,65,0.246212121212121
raw,6,42,train,1,23,0.0871212121212121
raw,6,42,train,2,4,0.0151515151515152
raw,6,42,train,3,36,0.136363636363636
raw,6,42,train,4,1,0.00378787878787879
raw,6,42,train,5,135,0.511363636363636
raw,6,42,validation,0,17,0.193181818181818
raw,6,42,validation,1,5,0.0568181818181818
raw,6,42,validation,2,1,0.0113636363636364
raw,6,42,validation,3,22,0.25
raw,6,42,validation,4,0,0
raw,6,42,validation,5,43,0.488636363636364
raw,6,43,train,0,143,0.541666666666667
raw,6,43,train,1,15,0.0568181818181818
raw,6,43,train,2,64,0.242424242424242
raw,6,43,train,3,37,0.140151515151515
raw,6,43,train,4,1,0.00378787878787879
raw,6,43,train,5,4,0.0151515151515152
raw,6,43,validation,0,45,0.511363636363636
raw,6,43,validation,1,5,0.0568181818181818
raw,6,43,validation,2,15,0.170454545454545
raw,6,43,validation,3,22,0.25
raw,6,43,validation,4,0,0
raw,6,43,validation,5,1,0.0113636363636364
raw,6,44,train,0,65,0.246212121212121
raw,6,44,train,1,36,0.136363636363636
raw,6,44,train,2,4,0.0151515151515152
raw,6,44,train,3,135,0.511363636363636
raw,6,44,train,4,23,0.0871212121212121
raw,6,44,train,5,1,0.00378787878787879
raw,6,44,validation,0,17,0.193181818181818
raw,6,44,validation,1,22,0.25
raw,6,44,validation,2,1,0.0113636363636364
raw,6,44,validation,3,43,0.488636363636364
raw,6,44,validation,4,5,0.0568181818181818
raw,6,44,validation,5,0,0
raw,6,45,train,0,36,0.136363636363636
raw,6,45,train,1,64,0.242424242424242
raw,6,45,train,2,144,0.545454545454545
raw,6,45,train,3,15,0.0568181818181818
raw,6,45,train,4,4,0.0151515151515152
raw,6,45,train,5,1,0.00378787878787879
raw,6,45,validation,0,22,0.25
raw,6,45,validation,1,15,0.170454545454545
raw,6,45,validation,2,45,0.511363636363636
raw,6,45,validation,3,5,0.0568181818181818
raw,6,45,validation,4,1,0.0113636363636364
raw,6,45,validation,5,0,0
raw,6,46,train,0,23,0.0871212121212121
raw,6,46,train,1,135,0.511363636363636
raw,6,46,train,2,36,0.136363636363636
raw,6,46,train,3,4,0.0151515151515152
raw,6,46,train,4,1,0.00378787878787879
raw,6,46,train,5,65,0.246212121212121
raw,6,46,validation,0,5,0.0568181818181818
raw,6,46,validation,1,43,0.488636363636364
raw,6,46,validation,2,22,0.25
raw,6,46,validation,3,1,0.0113636363636364
raw,6,46,validation,4,0,0
raw,6,46,validation,5,17,0.193181818181818
raw,6,47,train,0,36,0.136363636363636
raw,6,47,train,1,65,0.246212121212121
raw,6,47,train,2,4,0.0151515151515152
raw,6,47,train,3,135,0.511363636363636
raw,6,47,train,4,23,0.0871212121212121
raw,6,47,train,5,1,0.00378787878787879
raw,6,47,validation,0,22,0.25
raw,6,47,validation,1,17,0.193181818181818
raw,6,47,validation,2,1,0.0113636363636364
raw,6,47,validation,3,43,0.488636363636364
raw,6,47,validation,4,5,0.0568181818181818
raw,6,47,validation,5,0,0
raw,6,48,train,0,64,0.242424242424242
raw,6,48,train,1,144,0.545454545454545
raw,6,48,train,2,36,0.136363636363636
raw,6,48,train,3,1,0.00378787878787879
raw,6,48,train,4,4,0.0151515151515152
raw,6,48,train,5,15,0.0568181818181818
raw,6,48,validation,0,15,0.170454545454545
raw,6,48,validation,1,45,0.511363636363636
raw,6,48,validation,2,22,0.25
raw,6,48,validation,3,0,0
raw,6,48,validation,4,1,0.0113636363636364
raw,6,48,validation,5,5,0.0568181818181818
raw,6,49,train,0,64,0.242424242424242
raw,6,49,train,1,144,0.545454545454545
raw,6,49,train,2,36,0.136363636363636
raw,6,49,train,3,1,0.00378787878787879
raw,6,49,train,4,4,0.0151515151515152
raw,6,49,train,5,15,0.0568181818181818
raw,6,49,validation,0,15,0.170454545454545
raw,6,49,validation,1,45,0.511363636363636
raw,6,49,validation,2,22,0.25
raw,6,49,validation,3,0,0
raw,6,49,validation,4,1,0.0113636363636364
raw,6,49,validation,5,5,0.0568181818181818
raw,6,50,train,0,135,0.511363636363636
raw,6,50,train,1,65,0.246212121212121
raw,6,50,train,2,23,0.0871212121212121
raw,6,50,train,3,4,0.0151515151515152
raw,6,50,train,4,1,0.00378787878787879
raw,6,50,train,5,36,0.136363636363636
raw,6,50,validation,0,43,0.488636363636364
raw,6,50,validation,1,17,0.193181818181818
raw,6,50,validation,2,5,0.0568181818181818
raw,6,50,validation,3,1,0.0113636363636364
raw,6,50,validation,4,0,0
raw,6,50,validation,5,22,0.25
raw,6,51,train,0,64,0.242424242424242
raw,6,51,train,1,144,0.545454545454545
raw,6,51,train,2,36,0.136363636363636
raw,6,51,train,3,1,0.00378787878787879
raw,6,51,train,4,4,0.0151515151515152
raw,6,51,train,5,15,0.0568181818181818
raw,6,51,validation,0,15,0.170454545454545
raw,6,51,validation,1,45,0.511363636363636
raw,6,51,validation,2,22,0.25
raw,6,51,validation,3,0,0
raw,6,51,validation,4,1,0.0113636363636364
raw,6,51,validation,5,5,0.0568181818181818
raw,7,42,train,0,65,0.246212121212121
raw,7,42,train,1,1,0.00378787878787879
raw,7,42,train,2,23,0.0871212121212121
raw,7,42,train,3,36,0.136363636363636
raw,7,42,train,4,1,0.00378787878787879
raw,7,42,train,5,3,0.0113636363636364
raw,7,42,train,6,135,0.511363636363636
raw,7,42,validation,0,17,0.193181818181818
raw,7,42,validation,1,0,0
raw,7,42,validation,2,5,0.0568181818181818
raw,7,42,validation,3,22,0.25
raw,7,42,validation,4,0,0
raw,7,42,validation,5,1,0.0113636363636364
raw,7,42,validation,6,43,0.488636363636364
raw,7,43,train,0,141,0.534090909090909
raw,7,43,train,1,38,0.143939393939394
raw,7,43,train,2,15,0.0568181818181818
raw,7,43,train,3,1,0.00378787878787879
raw,7,43,train,4,4,0.0151515151515152
raw,7,43,train,5,64,0.242424242424242
raw,7,43,train,6,1,0.00378787878787879
raw,7,43,validation,0,44,0.5
raw,7,43,validation,1,23,0.261363636363636
raw,7,43,validation,2,5,0.0568181818181818
raw,7,43,validation,3,0,0
raw,7,43,validation,4,1,0.0113636363636364
raw,7,43,validation,5,15,0.170454545454545
raw,7,43,validation,6,0,0
raw,7,44,train,0,64,0.242424242424242
raw,7,44,train,1,37,0.140151515151515
raw,7,44,train,2,143,0.541666666666667
raw,7,44,train,3,1,0.00378787878787879
raw,7,44,train,4,1,0.00378787878787879
raw,7,44,train,5,3,0.0113636363636364
raw,7,44,train,6,15,0.0568181818181818
raw,7,44,validation,0,15,0.170454545454545
raw,7,44,validation,1,22,0.25
raw,7,44,validation,2,45,0.511363636363636
raw,7,44,validation,3,0,0
raw,7,44,validation,4,0,0
raw,7,44,validation,5,1,0.0113636363636364
raw,7,44,validation,6,5,0.0568181818181818
raw,7,45,train,0,143,0.541666666666667
raw,7,45,train,1,1,0.00378787878787879
raw,7,45,train,2,15,0.0568181818181818
raw,7,45,train,3,37,0.140151515151515
raw,7,45,train,4,3,0.0113636363636364
raw,7,45,train,5,64,0.242424242424242
raw,7,45,train,6,1,0.00378787878787879
raw,7,45,validation,0,45,0.511363636363636
raw,7,45,validation,1,0,0
raw,7,45,validation,2,5,0.0568181818181818
raw,7,45,validation,3,22,0.25
raw,7,45,validation,4,1,0.0113636363636364
raw,7,45,validation,5,15,0.170454545454545
raw,7,45,validation,6,0,0
raw,7,46,train,0,65,0.246212121212121
raw,7,46,train,1,23,0.0871212121212121
raw,7,46,train,2,135,0.511363636363636
raw,7,46,train,3,36,0.136363636363636
raw,7,46,train,4,1,0.00378787878787879
raw,7,46,train,5,1,0.00378787878787879
raw,7,46,train,6,3,0.0113636363636364
raw,7,46,validation,0,17,0.193181818181818
raw,7,46,validation,1,5,0.0568181818181818
raw,7,46,validation,2,43,0.488636363636364
raw,7,46,validation,3,22,0.25
raw,7,46,validation,4,0,0
raw,7,46,validation,5,0,0
raw,7,46,validation,6,1,0.0113636363636364
raw,7,47,train,0,135,0.511363636363636
raw,7,47,train,1,2,0.00757575757575758
raw,7,47,train,2,23,0.0871212121212121
raw,7,47,train,3,36,0.136363636363636
raw,7,47,train,4,3,0.0113636363636364
raw,7,47,train,5,64,0.242424242424242
raw,7,47,train,6,1,0.00378787878787879
raw,7,47,validation,0,42,0.477272727272727
raw,7,47,validation,1,0,0
raw,7,47,validation,2,5,0.0568181818181818
raw,7,47,validation,3,22,0.25
raw,7,47,validation,4,1,0.0113636363636364
raw,7,47,validation,5,18,0.204545454545455
raw,7,47,validation,6,0,0
raw,7,48,train,0,64,0.242424242424242
raw,7,48,train,1,144,0.545454545454545
raw,7,48,train,2,36,0.136363636363636
raw,7,48,train,3,1,0.00378787878787879
raw,7,48,train,4,1,0.00378787878787879
raw,7,48,train,5,3,0.0113636363636364
raw,7,48,train,6,15,0.0568181818181818
raw,7,48,validation,0,15,0.170454545454545
raw,7,48,validation,1,45,0.511363636363636
raw,7,48,validation,2,22,0.25
raw,7,48,validation,3,0,0
raw,7,48,validation,4,0,0
raw,7,48,validation,5,1,0.0113636363636364
raw,7,48,validation,6,5,0.0568181818181818
raw,7,49,train,0,64,0.242424242424242
raw,7,49,train,1,144,0.545454545454545
raw,7,49,train,2,36,0.136363636363636
raw,7,49,train,3,1,0.00378787878787879
raw,7,49,train,4,15,0.0568181818181818
raw,7,49,train,5,3,0.0113636363636364
raw,7,49,train,6,1,0.00378787878787879
raw,7,49,validation,0,15,0.170454545454545
raw,7,49,validation,1,45,0.511363636363636
raw,7,49,validation,2,22,0.25
raw,7,49,validation,3,0,0
raw,7,49,validation,4,5,0.0568181818181818
raw,7,49,validation,5,1,0.0113636363636364
raw,7,49,validation,6,0,0
raw,7,50,train,0,37,0.140151515151515
raw,7,50,train,1,64,0.242424242424242
raw,7,50,train,2,143,0.541666666666667
raw,7,50,train,3,3,0.0113636363636364
raw,7,50,train,4,15,0.0568181818181818
raw,7,50,train,5,1,0.00378787878787879
raw,7,50,train,6,1,0.00378787878787879
raw,7,50,validation,0,22,0.25
raw,7,50,validation,1,15,0.170454545454545
raw,7,50,validation,2,45,0.511363636363636
raw,7,50,validation,3,1,0.0113636363636364
raw,7,50,validation,4,5,0.0568181818181818
raw,7,50,validation,5,0,0
raw,7,50,validation,6,0,0
raw,7,51,train,0,45,0.170454545454545
raw,7,51,train,1,64,0.242424242424242
raw,7,51,train,2,4,0.0151515151515152
raw,7,51,train,3,15,0.0568181818181818
raw,7,51,train,4,21,0.0795454545454545
raw,7,51,train,5,1,0.00378787878787879
raw,7,51,train,6,114,0.431818181818182
raw,7,51,validation,0,23,0.261363636363636
raw,7,51,validation,1,14,0.159090909090909
raw,7,51,validation,2,1,0.0113636363636364
raw,7,51,validation,3,5,0.0568181818181818
raw,7,51,validation,4,11,0.125
raw,7,51,validation,5,0,0
raw,7,51,validation,6,34,0.386363636363636
raw,8,42,train,0,19,0.071969696969697
raw,8,42,train,1,15,0.0568181818181818
raw,8,42,train,2,117,0.443181818181818
raw,8,42,train,3,3,0.0113636363636364
raw,8,42,train,4,1,0.00378787878787879
raw,8,42,train,5,64,0.242424242424242
raw,8,42,train,6,44,0.166666666666667
raw,8,42,train,7,1,0.00378787878787879
raw,8,42,validation,0,8,0.0909090909090909
raw,8,42,validation,1,5,0.0568181818181818
raw,8,42,validation,2,36,0.409090909090909
raw,8,42,validation,3,1,0.0113636363636364
raw,8,42,validation,4,0,0
raw,8,42,validation,5,14,0.159090909090909
raw,8,42,validation,6,24,0.272727272727273
raw,8,42,validation,7,0,0
raw,8,43,train,0,115,0.435606060606061
raw,8,43,train,1,15,0.0568181818181818
raw,8,43,train,2,16,0.0606060606060606
raw,8,43,train,3,64,0.242424242424242
raw,8,43,train,4,49,0.185606060606061
raw,8,43,train,5,3,0.0113636363636364
raw,8,43,train,6,1,0.00378787878787879
raw,8,43,train,7,1,0.00378787878787879
raw,8,43,validation,0,37,0.420454545454545
raw,8,43,validation,1,5,0.0568181818181818
raw,8,43,validation,2,7,0.0795454545454545
raw,8,43,validation,3,14,0.159090909090909
raw,8,43,validation,4,24,0.272727272727273
raw,8,43,validation,5,1,0.0113636363636364
raw,8,43,validation,6,0,0
raw,8,43,validation,7,0,0
raw,8,44,train,0,126,0.477272727272727
raw,8,44,train,1,11,0.0416666666666667
raw,8,44,train,2,63,0.238636363636364
raw,8,44,train,3,45,0.170454545454545
raw,8,44,train,4,1,0.00378787878787879
raw,8,44,train,5,14,0.053030303030303
raw,8,44,train,6,3,0.0113636363636364
raw,8,44,train,7,1,0.00378787878787879
raw,8,44,validation,0,40,0.454545454545455
raw,8,44,validation,1,4,0.0454545454545455
raw,8,44,validation,2,13,0.147727272727273
raw,8,44,validation,3,25,0.284090909090909
raw,8,44,validation,4,0,0
raw,8,44,validation,5,5,0.0568181818181818
raw,8,44,validation,6,1,0.0113636363636364
raw,8,44,validation,7,0,0
raw,8,45,train,0,64,0.242424242424242
raw,8,45,train,1,20,0.0757575757575758
raw,8,45,train,2,15,0.0568181818181818
raw,8,45,train,3,114,0.431818181818182
raw,8,45,train,4,1,0.00378787878787879
raw,8,45,train,5,3,0.0113636363636364
raw,8,45,train,6,1,0.00378787878787879
raw,8,45,train,7,46,0.174242424242424
raw,8,45,validation,0,14,0.159090909090909
raw,8,45,validation,1,9,0.102272727272727
raw,8,45,validation,2,5,0.0568181818181818
raw,8,45,validation,3,35,0.397727272727273
raw,8,45,validation,4,0,0
raw,8,45,validation,5,1,0.0113636363636364
raw,8,45,validation,6,0,0
raw,8,45,validation,7,24,0.272727272727273
raw,8,46,train,0,118,0.446969696969697
raw,8,46,train,1,14,0.053030303030303
raw,8,46,train,2,21,0.0795454545454545
raw,8,46,train,3,3,0.0113636363636364
raw,8,46,train,4,63,0.238636363636364
raw,8,46,train,5,43,0.162878787878788
raw,8,46,train,6,1,0.00378787878787879
raw,8,46,train,7,1,0.00378787878787879
raw,8,46,validation,0,35,0.397727272727273
raw,8,46,validation,1,5,0.0568181818181818
raw,8,46,validation,2,11,0.125
raw,8,46,validation,3,1,0.0113636363636364
raw,8,46,validation,4,13,0.147727272727273
raw,8,46,validation,5,23,0.261363636363636
raw,8,46,validation,6,0,0
raw,8,46,validation,7,0,0
raw,8,47,train,0,118,0.446969696969697
raw,8,47,train,1,15,0.0568181818181818
raw,8,47,train,2,3,0.0113636363636364
raw,8,47,train,3,20,0.0757575757575758
raw,8,47,train,4,44,0.166666666666667
raw,8,47,train,5,62,0.234848484848485
raw,8,47,train,6,1,0.00378787878787879
raw,8,47,train,7,1,0.00378787878787879
raw,8,47,validation,0,36,0.409090909090909
raw,8,47,validation,1,5,0.0568181818181818
raw,8,47,validation,2,1,0.0113636363636364
raw,8,47,validation,3,9,0.102272727272727
raw,8,47,validation,4,24,0.272727272727273
raw,8,47,validation,5,13,0.147727272727273
raw,8,47,validation,6,0,0
raw,8,47,validation,7,0,0
raw,8,48,train,0,118,0.446969696969697
raw,8,48,train,1,63,0.238636363636364
raw,8,48,train,2,16,0.0606060606060606
raw,8,48,train,3,3,0.0113636363636364
raw,8,48,train,4,1,0.00378787878787879
raw,8,48,train,5,14,0.053030303030303
raw,8,48,train,6,1,0.00378787878787879
raw,8,48,train,7,48,0.181818181818182
raw,8,48,validation,0,38,0.431818181818182
raw,8,48,validation,1,13,0.147727272727273
raw,8,48,validation,2,7,0.0795454545454545
raw,8,48,validation,3,1,0.0113636363636364
raw,8,48,validation,4,0,0
raw,8,48,validation,5,5,0.0568181818181818
raw,8,48,validation,6,0,0
raw,8,48,validation,7,24,0.272727272727273
raw,8,49,train,0,64,0.242424242424242
raw,8,49,train,1,45,0.170454545454545
raw,8,49,train,2,114,0.431818181818182
raw,8,49,train,3,3,0.0113636363636364
raw,8,49,train,4,21,0.0795454545454545
raw,8,49,train,5,1,0.00378787878787879
raw,8,49,train,6,15,0.0568181818181818
raw,8,49,train,7,1,0.00378787878787879
raw,8,49,validation,0,14,0.159090909090909
raw,8,49,validation,1,23,0.261363636363636
raw,8,49,validation,2,34,0.386363636363636
raw,8,49,validation,3,1,0.0113636363636364
raw,8,49,validation,4,11,0.125
raw,8,49,validation,5,0,0
raw,8,49,validation,6,5,0.0568181818181818
raw,8,49,validation,7,0,0
raw,8,50,train,0,118,0.446969696969697
raw,8,50,train,1,63,0.238636363636364
raw,8,50,train,2,16,0.0606060606060606
raw,8,50,train,3,48,0.181818181818182
raw,8,50,train,4,14,0.053030303030303
raw,8,50,train,5,1,0.00378787878787879
raw,8,50,train,6,3,0.0113636363636364
raw,8,50,train,7,1,0.00378787878787879
raw,8,50,validation,0,38,0.431818181818182
raw,8,50,validation,1,13,0.147727272727273
raw,8,50,validation,2,7,0.0795454545454545
raw,8,50,validation,3,24,0.272727272727273
raw,8,50,validation,4,5,0.0568181818181818
raw,8,50,validation,5,0,0
raw,8,50,validation,6,1,0.0113636363636364
raw,8,50,validation,7,0,0
raw,8,51,train,0,114,0.431818181818182
raw,8,51,train,1,63,0.238636363636364
raw,8,51,train,2,3,0.0113636363636364
raw,8,51,train,3,17,0.0643939393939394
raw,8,51,train,4,21,0.0795454545454545
raw,8,51,train,5,1,0.00378787878787879
raw,8,51,train,6,1,0.00378787878787879
raw,8,51,train,7,44,0.166666666666667
raw,8,51,validation,0,35,0.397727272727273
raw,8,51,validation,1,16,0.181818181818182
raw,8,51,validation,2,1,0.0113636363636364
raw,8,51,validation,3,7,0.0795454545454545
raw,8,51,validation,4,5,0.0568181818181818
raw,8,51,validation,5,0,0
raw,8,51,validation,6,0,0
raw,8,51,validation,7,24,0.272727272727273
log1p_standardscaler,2,42,train,0,118,0.446969696969697
log1p_standardscaler,2,42,train,1,146,0.553030303030303
log1p_standardscaler,2,42,validation,0,46,0.522727272727273
log1p_standardscaler,2,42,validation,1,42,0.477272727272727
log1p_standardscaler,2,43,train,0,146,0.553030303030303
log1p_standardscaler,2,43,train,1,118,0.446969696969697
log1p_standardscaler,2,43,validation,0,42,0.477272727272727
log1p_standardscaler,2,43,validation,1,46,0.522727272727273
log1p_standardscaler,2,44,train,0,146,0.553030303030303
log1p_standardscaler,2,44,train,1,118,0.446969696969697
log1p_standardscaler,2,44,validation,0,42,0.477272727272727
log1p_standardscaler,2,44,validation,1,46,0.522727272727273
log1p_standardscaler,2,45,train,0,119,0.450757575757576
log1p_standardscaler,2,45,train,1,145,0.549242424242424
log1p_standardscaler,2,45,validation,0,46,0.522727272727273
log1p_standardscaler,2,45,validation,1,42,0.477272727272727
log1p_standardscaler,2,46,train,0,118,0.446969696969697
log1p_standardscaler,2,46,train,1,146,0.553030303030303
log1p_standardscaler,2,46,validation,0,46,0.522727272727273
log1p_standardscaler,2,46,validation,1,42,0.477272727272727
log1p_standardscaler,2,47,train,0,146,0.553030303030303
log1p_standardscaler,2,47,train,1,118,0.446969696969697
log1p_standardscaler,2,47,validation,0,42,0.477272727272727
log1p_standardscaler,2,47,validation,1,46,0.522727272727273
log1p_standardscaler,2,48,train,0,118,0.446969696969697
log1p_standardscaler,2,48,train,1,146,0.553030303030303
log1p_standardscaler,2,48,validation,0,46,0.522727272727273
log1p_standardscaler,2,48,validation,1,42,0.477272727272727
log1p_standardscaler,2,49,train,0,146,0.553030303030303
log1p_standardscaler,2,49,train,1,118,0.446969696969697
log1p_standardscaler,2,49,validation,0,42,0.477272727272727
log1p_standardscaler,2,49,validation,1,46,0.522727272727273
log1p_standardscaler,2,50,train,0,146,0.553030303030303
log1p_standardscaler,2,50,train,1,118,0.446969696969697
log1p_standardscaler,2,50,validation,0,42,0.477272727272727
log1p_standardscaler,2,50,validation,1,46,0.522727272727273
log1p_standardscaler,2,51,train,0,146,0.553030303030303
log1p_standardscaler,2,51,train,1,118,0.446969696969697
log1p_standardscaler,2,51,validation,0,42,0.477272727272727
log1p_standardscaler,2,51,validation,1,46,0.522727272727273
log1p_standardscaler,3,42,train,0,91,0.34469696969697
log1p_standardscaler,3,42,train,1,73,0.276515151515151
log1p_standardscaler,3,42,train,2,100,0.378787878787879
log1p_standardscaler,3,42,validation,0,40,0.454545454545455
log1p_standardscaler,3,42,validation,1,24,0.272727272727273
log1p_standardscaler,3,42,validation,2,24,0.272727272727273
log1p_standardscaler,3,43,train,0,75,0.284090909090909
log1p_standardscaler,3,43,train,1,87,0.329545454545455
log1p_standardscaler,3,43,train,2,102,0.386363636363636
log1p_standardscaler,3,43,validation,0,27,0.306818181818182
log1p_standardscaler,3,43,validation,1,40,0.454545454545455
log1p_standardscaler,3,43,validation,2,21,0.238636363636364
log1p_standardscaler,3,44,train,0,96,0.363636363636364
log1p_standardscaler,3,44,train,1,87,0.329545454545455
log1p_standardscaler,3,44,train,2,81,0.306818181818182
log1p_standardscaler,3,44,validation,0,21,0.238636363636364
log1p_standardscaler,3,44,validation,1,40,0.454545454545455
log1p_standardscaler,3,44,validation,2,27,0.306818181818182
log1p_standardscaler,3,45,train,0,92,0.348484848484849
log1p_standardscaler,3,45,train,1,85,0.321969696969697
log1p_standardscaler,3,45,train,2,87,0.329545454545455
log1p_standardscaler,3,45,validation,0,21,0.238636363636364
log1p_standardscaler,3,45,validation,1,27,0.306818181818182
log1p_standardscaler,3,45,validation,2,40,0.454545454545455
log1p_standardscaler,3,46,train,0,87,0.329545454545455
log1p_standardscaler,3,46,train,1,96,0.363636363636364
log1p_standardscaler,3,46,train,2,81,0.306818181818182
log1p_standardscaler,3,46,validation,0,40,0.454545454545455
log1p_standardscaler,3,46,validation,1,21,0.238636363636364
log1p_standardscaler,3,46,validation,2,27,0.306818181818182
log1p_standardscaler,3,47,train,0,85,0.321969696969697
log1p_standardscaler,3,47,train,1,87,0.329545454545455
log1p_standardscaler,3,47,train,2,92,0.348484848484849
log1p_standardscaler,3,47,validation,0,27,0.306818181818182
log1p_standardscaler,3,47,validation,1,40,0.454545454545455
log1p_standardscaler,3,47,validation,2,21,0.238636363636364
log1p_standardscaler,3,48,train,0,77,0.291666666666667
log1p_standardscaler,3,48,train,1,100,0.378787878787879
log1p_standardscaler,3,48,train,2,87,0.329545454545455
log1p_standardscaler,3,48,validation,0,27,0.306818181818182
log1p_standardscaler,3,48,validation,1,21,0.238636363636364
log1p_standardscaler,3,48,validation,2,40,0.454545454545455
log1p_standardscaler,3,49,train,0,92,0.348484848484849
log1p_standardscaler,3,49,train,1,87,0.329545454545455
log1p_standardscaler,3,49,train,2,85,0.321969696969697
log1p_standardscaler,3,49,validation,0,21,0.238636363636364
log1p_standardscaler,3,49,validation,1,27,0.306818181818182
log1p_standardscaler,3,49,validation,2,40,0.454545454545455
log1p_standardscaler,3,50,train,0,92,0.348484848484849
log1p_standardscaler,3,50,train,1,87,0.329545454545455
log1p_standardscaler,3,50,train,2,85,0.321969696969697
log1p_standardscaler,3,50,validation,0,21,0.238636363636364
log1p_standardscaler,3,50,validation,1,27,0.306818181818182
log1p_standardscaler,3,50,validation,2,40,0.454545454545455
log1p_standardscaler,3,51,train,0,75,0.284090909090909
log1p_standardscaler,3,51,train,1,102,0.386363636363636
log1p_standardscaler,3,51,train,2,87,0.329545454545455
log1p_standardscaler,3,51,validation,0,27,0.306818181818182
log1p_standardscaler,3,51,validation,1,21,0.238636363636364
log1p_standardscaler,3,51,validation,2,40,0.454545454545455
log1p_standardscaler,4,42,train,0,65,0.246212121212121
log1p_standardscaler,4,42,train,1,69,0.261363636363636
log1p_standardscaler,4,42,train,2,98,0.371212121212121
log1p_standardscaler,4,42,train,3,32,0.121212121212121
log1p_standardscaler,4,42,validation,0,29,0.329545454545455
log1p_standardscaler,4,42,validation,1,20,0.227272727272727
log1p_standardscaler,4,42,validation,2,21,0.238636363636364
log1p_standardscaler,4,42,validation,3,18,0.204545454545455
log1p_standardscaler,4,43,train,0,96,0.363636363636364
log1p_standardscaler,4,43,train,1,69,0.261363636363636
log1p_standardscaler,4,43,train,2,63,0.238636363636364
log1p_standardscaler,4,43,train,3,36,0.136363636363636
log1p_standardscaler,4,43,validation,0,21,0.238636363636364
log1p_standardscaler,4,43,validation,1,20,0.227272727272727
log1p_standardscaler,4,43,validation,2,25,0.284090909090909
log1p_standardscaler,4,43,validation,3,22,0.25
log1p_standardscaler,4,44,train,0,98,0.371212121212121
log1p_standardscaler,4,44,train,1,65,0.246212121212121
log1p_standardscaler,4,44,train,2,32,0.121212121212121
log1p_standardscaler,4,44,train,3,69,0.261363636363636
log1p_standardscaler,4,44,validation,0,21,0.238636363636364
log1p_standardscaler,4,44,validation,1,29,0.329545454545455
log1p_standardscaler,4,44,validation,2,18,0.204545454545455
log1p_standardscaler,4,44,validation,3,20,0.227272727272727
log1p_standardscaler,4,45,train,0,96,0.363636363636364
log1p_standardscaler,4,45,train,1,68,0.257575757575758
log1p_standardscaler,4,45,train,2,37,0.140151515151515
log1p_standardscaler,4,45,train,3,63,0.238636363636364
log1p_standardscaler,4,45,validation,0,21,0.238636363636364
log1p_standardscaler,4,45,validation,1,20,0.227272727272727
log1p_standardscaler,4,45,validation,2,22,0.25
log1p_standardscaler,4,45,validation,3,25,0.284090909090909
log1p_standardscaler,4,46,train,0,65,0.246212121212121
log1p_standardscaler,4,46,train,1,70,0.265151515151515
log1p_standardscaler,4,46,train,2,31,0.117424242424242
log1p_standardscaler,4,46,train,3,98,0.371212121212121
log1p_standardscaler,4,46,validation,0,28,0.318181818181818
log1p_standardscaler,4,46,validation,1,20,0.227272727272727
log1p_standardscaler,4,46,validation,2,19,0.215909090909091
log1p_standardscaler,4,46,validation,3,21,0.238636363636364
log1p_standardscaler,4,47,train,0,32,0.121212121212121
log1p_standardscaler,4,47,train,1,69,0.261363636363636
log1p_standardscaler,4,47,train,2,99,0.375
log1p_standardscaler,4,47,train,3,64,0.242424242424242
log1p_standardscaler,4,47,validation,0,18,0.204545454545455
log1p_standardscaler,4,47,validation,1,21,0.238636363636364
log1p_standardscaler,4,47,validation,2,20,0.227272727272727
log1p_standardscaler,4,47,validation,3,29,0.329545454545455
log1p_standardscaler,4,48,train,0,33,0.125
log1p_standardscaler,4,48,train,1,115,0.435606060606061
log1p_standardscaler,4,48,train,2,53,0.200757575757576
log1p_standardscaler,4,48,train,3,63,0.238636363636364
log1p_standardscaler,4,48,validation,0,22,0.25
log1p_standardscaler,4,48,validation,1,26,0.295454545454545
log1p_standardscaler,4,48,validation,2,15,0.170454545454545
log1p_standardscaler,4,48,validation,3,25,0.284090909090909
log1p_standardscaler,4,49,train,0,65,0.246212121212121
log1p_standardscaler,4,49,train,1,70,0.265151515151515
log1p_standardscaler,4,49,train,2,98,0.371212121212121
log1p_standardscaler,4,49,train,3,31,0.117424242424242
log1p_standardscaler,4,49,validation,0,28,0.318181818181818
log1p_standardscaler,4,49,validation,1,20,0.227272727272727
log1p_standardscaler,4,49,validation,2,21,0.238636363636364
log1p_standardscaler,4,49,validation,3,19,0.215909090909091
log1p_standardscaler,4,50,train,0,63,0.238636363636364
log1p_standardscaler,4,50,train,1,96,0.363636363636364
log1p_standardscaler,4,50,train,2,69,0.261363636363636
log1p_standardscaler,4,50,train,3,36,0.136363636363636
log1p_standardscaler,4,50,validation,0,25,0.284090909090909
log1p_standardscaler,4,50,validation,1,21,0.238636363636364
log1p_standardscaler,4,50,validation,2,20,0.227272727272727
log1p_standardscaler,4,50,validation,3,22,0.25
log1p_standardscaler,4,51,train,0,64,0.242424242424242
log1p_standardscaler,4,51,train,1,107,0.40530303030303
log1p_standardscaler,4,51,train,2,62,0.234848484848485
log1p_standardscaler,4,51,train,3,31,0.117424242424242
log1p_standardscaler,4,51,validation,0,18,0.204545454545455
log1p_standardscaler,4,51,validation,1,24,0.272727272727273
log1p_standardscaler,4,51,validation,2,26,0.295454545454545
log1p_standardscaler,4,51,validation,3,20,0.227272727272727
log1p_standardscaler,5,42,train,0,26,0.0984848484848485
log1p_standardscaler,5,42,train,1,58,0.21969696969697
log1p_standardscaler,5,42,train,2,47,0.178030303030303
log1p_standardscaler,5,42,train,3,30,0.113636363636364
log1p_standardscaler,5,42,train,4,103,0.390151515151515
log1p_standardscaler,5,42,validation,0,7,0.0795454545454545
log1p_standardscaler,5,42,validation,1,24,0.272727272727273
log1p_standardscaler,5,42,validation,2,12,0.136363636363636
log1p_standardscaler,5,42,validation,3,19,0.215909090909091
log1p_standardscaler,5,42,validation,4,26,0.295454545454545
log1p_standardscaler,5,43,train,0,30,0.113636363636364
log1p_standardscaler,5,43,train,1,47,0.178030303030303
log1p_standardscaler,5,43,train,2,29,0.109848484848485
log1p_standardscaler,5,43,train,3,99,0.375
log1p_standardscaler,5,43,train,4,59,0.223484848484848
log1p_standardscaler,5,43,validation,0,18,0.204545454545455
log1p_standardscaler,5,43,validation,1,11,0.125
log1p_standardscaler,5,43,validation,2,8,0.0909090909090909
log1p_standardscaler,5,43,validation,3,27,0.306818181818182
log1p_standardscaler,5,43,validation,4,24,0.272727272727273
log1p_standardscaler,5,44,train,0,100,0.378787878787879
log1p_standardscaler,5,44,train,1,24,0.0909090909090909
log1p_standardscaler,5,44,train,2,49,0.185606060606061
log1p_standardscaler,5,44,train,3,62,0.234848484848485
log1p_standardscaler,5,44,train,4,29,0.109848484848485
log1p_standardscaler,5,44,validation,0,26,0.295454545454545
log1p_standardscaler,5,44,validation,1,17,0.193181818181818
log1p_standardscaler,5,44,validation,2,11,0.125
log1p_standardscaler,5,44,validation,3,25,0.284090909090909
log1p_standardscaler,5,44,validation,4,9,0.102272727272727
log1p_standardscaler,5,45,train,0,78,0.295454545454545
log1p_standardscaler,5,45,train,1,52,0.196969696969697
log1p_standardscaler,5,45,train,2,49,0.185606060606061
log1p_standardscaler,5,45,train,3,13,0.0492424242424242
log1p_standardscaler,5,45,train,4,72,0.272727272727273
log1p_standardscaler,5,45,validation,0,14,0.159090909090909
log1p_standardscaler,5,45,validation,1,32,0.363636363636364
log1p_standardscaler,5,45,validation,2,17,0.193181818181818
log1p_standardscaler,5,45,validation,3,3,0.0340909090909091
log1p_standardscaler,5,45,validation,4,22,0.25
log1p_standardscaler,5,46,train,0,60,0.227272727272727
log1p_standardscaler,5,46,train,1,101,0.382575757575758
log1p_standardscaler,5,46,train,2,46,0.174242424242424
log1p_standardscaler,5,46,train,3,33,0.125
log1p_standardscaler,5,46,train,4,24,0.0909090909090909
log1p_standardscaler,5,46,validation,0,29,0.329545454545455
log1p_standardscaler,5,46,validation,1,25,0.284090909090909
log1p_standardscaler,5,46,validation,2,11,0.125
log1p_standardscaler,5,46,validation,3,15,0.170454545454545
log1p_standardscaler,5,46,validation,4,8,0.0909090909090909
log1p_standardscaler,5,47,train,0,46,0.174242424242424
log1p_standardscaler,5,47,train,1,107,0.40530303030303
log1p_standardscaler,5,47,train,2,61,0.231060606060606
log1p_standardscaler,5,47,train,3,26,0.0984848484848485
log1p_standardscaler,5,47,train,4,24,0.0909090909090909
log1p_standardscaler,5,47,validation,0,11,0.125
log1p_standardscaler,5,47,validation,1,29,0.329545454545455
log1p_standardscaler,5,47,validation,2,26,0.295454545454545
log1p_standardscaler,5,47,validation,3,7,0.0795454545454545
log1p_standardscaler,5,47,validation,4,15,0.170454545454545
log1p_standardscaler,5,48,train,0,26,0.0984848484848485
log1p_standardscaler,5,48,train,1,39,0.147727272727273
log1p_standardscaler,5,48,train,2,54,0.204545454545455
log1p_standardscaler,5,48,train,3,91,0.34469696969697
log1p_standardscaler,5,48,train,4,54,0.204545454545455
log1p_standardscaler,5,48,validation,0,7,0.0795454545454545
log1p_standardscaler,5,48,validation,1,21,0.238636363636364
log1p_standardscaler,5,48,validation,2,12,0.136363636363636
log1p_standardscaler,5,48,validation,3,25,0.284090909090909
log1p_standardscaler,5,48,validation,4,23,0.261363636363636
log1p_standardscaler,5,49,train,0,29,0.109848484848485
log1p_standardscaler,5,49,train,1,57,0.215909090909091
log1p_standardscaler,5,49,train,2,62,0.234848484848485
log1p_standardscaler,5,49,train,3,29,0.109848484848485
log1p_standardscaler,5,49,train,4,87,0.329545454545455
log1p_standardscaler,5,49,validation,0,9,0.102272727272727
log1p_standardscaler,5,49,validation,1,12,0.136363636363636
log1p_standardscaler,5,49,validation,2,24,0.272727272727273
log1p_standardscaler,5,49,validation,3,19,0.215909090909091
log1p_standardscaler,5,49,validation,4,24,0.272727272727273
log1p_standardscaler,5,50,train,0,52,0.196969696969697
log1p_standardscaler,5,50,train,1,104,0.393939393939394
log1p_standardscaler,5,50,train,2,57,0.215909090909091
log1p_standardscaler,5,50,train,3,32,0.121212121212121
log1p_standardscaler,5,50,train,4,19,0.071969696969697
log1p_standardscaler,5,50,validation,0,11,0.125
log1p_standardscaler,5,50,validation,1,28,0.318181818181818
log1p_standardscaler,5,50,validation,2,24,0.272727272727273
log1p_standardscaler,5,50,validation,3,20,0.227272727272727
log1p_standardscaler,5,50,validation,4,5,0.0568181818181818
log1p_standardscaler,5,51,train,0,76,0.287878787878788
log1p_standardscaler,5,51,train,1,45,0.170454545454545
log1p_standardscaler,5,51,train,2,73,0.276515151515151
log1p_standardscaler,5,51,train,3,13,0.0492424242424242
log1p_standardscaler,5,51,train,4,57,0.215909090909091
log1p_standardscaler,5,51,validation,0,14,0.159090909090909
log1p_standardscaler,5,51,validation,1,29,0.329545454545455
log1p_standardscaler,5,51,validation,2,22,0.25
log1p_standardscaler,5,51,validation,3,3,0.0340909090909091
log1p_standardscaler,5,51,validation,4,20,0.227272727272727
log1p_standardscaler,6,42,train,0,33,0.125
log1p_standardscaler,6,42,train,1,53,0.200757575757576
log1p_standardscaler,6,42,train,2,24,0.0909090909090909
log1p_standardscaler,6,42,train,3,74,0.28030303030303
log1p_standardscaler,6,42,train,4,54,0.204545454545455
log1p_standardscaler,6,42,train,5,26,0.0984848484848485
log1p_standardscaler,6,42,validation,0,7,0.0795454545454545
log1p_standardscaler,6,42,validation,1,15,0.170454545454545
log1p_standardscaler,6,42,validation,2,16,0.181818181818182
log1p_standardscaler,6,42,validation,3,20,0.227272727272727
log1p_standardscaler,6,42,validation,4,23,0.261363636363636
log1p_standardscaler,6,42,validation,5,7,0.0795454545454545
log1p_standardscaler,6,43,train,0,64,0.242424242424242
log1p_standardscaler,6,43,train,1,51,0.193181818181818
log1p_standardscaler,6,43,train,2,13,0.0492424242424242
log1p_standardscaler,6,43,train,3,35,0.132575757575758
log1p_standardscaler,6,43,train,4,55,0.208333333333333
log1p_standardscaler,6,43,train,5,46,0.174242424242424
log1p_standardscaler,6,43,validation,0,12,0.136363636363636
log1p_standardscaler,6,43,validation,1,18,0.204545454545455
log1p_standardscaler,6,43,validation,2,3,0.0340909090909091
log1p_standardscaler,6,43,validation,3,22,0.25
log1p_standardscaler,6,43,validation,4,17,0.193181818181818
log1p_standardscaler,6,43,validation,5,16,0.181818181818182
log1p_standardscaler,6,44,train,0,103,0.390151515151515
log1p_standardscaler,6,44,train,1,19,0.071969696969697
log1p_standardscaler,6,44,train,2,61,0.231060606060606
log1p_standardscaler,6,44,train,3,20,0.0757575757575758
log1p_standardscaler,6,44,train,4,46,0.174242424242424
log1p_standardscaler,6,44,train,5,15,0.0568181818181818
log1p_standardscaler,6,44,validation,0,27,0.306818181818182
log1p_standardscaler,6,44,validation,1,11,0.125
log1p_standardscaler,6,44,validation,2,27,0.306818181818182
log1p_standardscaler,6,44,validation,3,6,0.0681818181818182
log1p_standardscaler,6,44,validation,4,11,0.125
log1p_standardscaler,6,44,validation,5,6,0.0681818181818182
log1p_standardscaler,6,45,train,0,52,0.196969696969697
log1p_standardscaler,6,45,train,1,47,0.178030303030303
log1p_standardscaler,6,45,train,2,49,0.185606060606061
log1p_standardscaler,6,45,train,3,19,0.071969696969697
log1p_standardscaler,6,45,train,4,19,0.071969696969697
log1p_standardscaler,6,45,train,5,78,0.295454545454545
log1p_standardscaler,6,45,validation,0,21,0.238636363636364
log1p_standardscaler,6,45,validation,1,17,0.193181818181818
log1p_standardscaler,6,45,validation,2,10,0.113636363636364
log1p_standardscaler,6,45,validation,3,13,0.147727272727273
log1p_standardscaler,6,45,validation,4,5,0.0568181818181818
log1p_standardscaler,6,45,validation,5,22,0.25
log1p_standardscaler,6,46,train,0,59,0.223484848484848
log1p_standardscaler,6,46,train,1,78,0.295454545454545
log1p_standardscaler,6,46,train,2,33,0.125
log1p_standardscaler,6,46,train,3,59,0.223484848484848
log1p_standardscaler,6,46,train,4,24,0.0909090909090909
log1p_standardscaler,6,46,train,5,11,0.0416666666666667
log1p_standardscaler,6,46,validation,0,21,0.238636363636364
log1p_standardscaler,6,46,validation,1,23,0.261363636363636
log1p_standardscaler,6,46,validation,2,22,0.25
log1p_standardscaler,6,46,validation,3,12,0.136363636363636
log1p_standardscaler,6,46,validation,4,7,0.0795454545454545
log1p_standardscaler,6,46,validation,5,3,0.0340909090909091
log1p_standardscaler,6,47,train,0,75,0.284090909090909
log1p_standardscaler,6,47,train,1,19,0.071969696969697
log1p_standardscaler,6,47,train,2,53,0.200757575757576
log1p_standardscaler,6,47,train,3,17,0.0643939393939394
log1p_standardscaler,6,47,train,4,46,0.174242424242424
log1p_standardscaler,6,47,train,5,54,0.204545454545455
log1p_standardscaler,6,47,validation,0,22,0.25
log1p_standardscaler,6,47,validation,1,12,0.136363636363636
log1p_standardscaler,6,47,validation,2,13,0.147727272727273
log1p_standardscaler,6,47,validation,3,4,0.0454545454545455
log1p_standardscaler,6,47,validation,4,17,0.193181818181818
log1p_standardscaler,6,47,validation,5,20,0.227272727272727
log1p_standardscaler,6,48,train,0,45,0.170454545454545
log1p_standardscaler,6,48,train,1,18,0.0681818181818182
log1p_standardscaler,6,48,train,2,13,0.0492424242424242
log1p_standardscaler,6,48,train,3,54,0.204545454545455
log1p_standardscaler,6,48,train,4,85,0.321969696969697
log1p_standardscaler,6,48,train,5,49,0.185606060606061
log1p_standardscaler,6,48,validation,0,19,0.215909090909091
log1p_standardscaler,6,48,validation,1,4,0.0454545454545455
log1p_standardscaler,6,48,validation,2,6,0.0681818181818182
log1p_standardscaler,6,48,validation,3,23,0.261363636363636
log1p_standardscaler,6,48,validation,4,25,0.284090909090909
log1p_standardscaler,6,48,validation,5,11,0.125
log1p_standardscaler,6,49,train,0,79,0.299242424242424
log1p_standardscaler,6,49,train,1,50,0.189393939393939
log1p_standardscaler,6,49,train,2,59,0.223484848484848
log1p_standardscaler,6,49,train,3,13,0.0492424242424242
log1p_standardscaler,6,49,train,4,41,0.15530303030303
log1p_standardscaler,6,49,train,5,22,0.0833333333333333
log1p_standardscaler,6,49,validation,0,22,0.25
log1p_standardscaler,6,49,validation,1,19,0.215909090909091
log1p_standardscaler,6,49,validation,2,11,0.125
log1p_standardscaler,6,49,validation,3,3,0.0340909090909091
log1p_standardscaler,6,49,validation,4,25,0.284090909090909
log1p_standardscaler,6,49,validation,5,8,0.0909090909090909
log1p_standardscaler,6,50,train,0,25,0.0946969696969697
log1p_standardscaler,6,50,train,1,46,0.174242424242424
log1p_standardscaler,6,50,train,2,59,0.223484848484848
log1p_standardscaler,6,50,train,3,11,0.0416666666666667
log1p_standardscaler,6,50,train,4,56,0.212121212121212
log1p_standardscaler,6,50,train,5,67,0.253787878787879
log1p_standardscaler,6,50,validation,0,16,0.181818181818182
log1p_standardscaler,6,50,validation,1,16,0.181818181818182
log1p_standardscaler,6,50,validation,2,24,0.272727272727273
log1p_standardscaler,6,50,validation,3,3,0.0340909090909091
log1p_standardscaler,6,50,validation,4,17,0.193181818181818
log1p_standardscaler,6,50,validation,5,12,0.136363636363636
log1p_standardscaler,6,51,train,0,31,0.117424242424242
log1p_standardscaler,6,51,train,1,69,0.261363636363636
log1p_standardscaler,6,51,train,2,58,0.21969696969697
log1p_standardscaler,6,51,train,3,23,0.0871212121212121
log1p_standardscaler,6,51,train,4,27,0.102272727272727
log1p_standardscaler,6,51,train,5,56,0.212121212121212
log1p_standardscaler,6,51,validation,0,6,0.0681818181818182
log1p_standardscaler,6,51,validation,1,20,0.227272727272727
log1p_standardscaler,6,51,validation,2,14,0.159090909090909
log1p_standardscaler,6,51,validation,3,16,0.181818181818182
log1p_standardscaler,6,51,validation,4,7,0.0795454545454545
log1p_standardscaler,6,51,validation,5,25,0.284090909090909
log1p_standardscaler,7,42,train,0,57,0.215909090909091
log1p_standardscaler,7,42,train,1,21,0.0795454545454545
log1p_standardscaler,7,42,train,2,29,0.109848484848485
log1p_standardscaler,7,42,train,3,27,0.102272727272727
log1p_standardscaler,7,42,train,4,71,0.268939393939394
log1p_standardscaler,7,42,train,5,48,0.181818181818182
log1p_standardscaler,7,42,train,6,11,0.0416666666666667
log1p_standardscaler,7,42,validation,0,16,0.181818181818182
log1p_standardscaler,7,42,validation,1,7,0.0795454545454545
log1p_standardscaler,7,42,validation,2,6,0.0681818181818182
log1p_standardscaler,7,42,validation,3,16,0.181818181818182
log1p_standardscaler,7,42,validation,4,19,0.215909090909091
log1p_standardscaler,7,42,validation,5,21,0.238636363636364
log1p_standardscaler,7,42,validation,6,3,0.0340909090909091
log1p_standardscaler,7,43,train,0,19,0.071969696969697
log1p_standardscaler,7,43,train,1,54,0.204545454545455
log1p_standardscaler,7,43,train,2,47,0.178030303030303
log1p_standardscaler,7,43,train,3,55,0.208333333333333
log1p_standardscaler,7,43,train,4,60,0.227272727272727
log1p_standardscaler,7,43,train,5,16,0.0606060606060606
log1p_standardscaler,7,43,train,6,13,0.0492424242424242
log1p_standardscaler,7,43,validation,0,12,0.136363636363636
log1p_standardscaler,7,43,validation,1,12,0.136363636363636
log1p_standardscaler,7,43,validation,2,9,0.102272727272727
log1p_standardscaler,7,43,validation,3,26,0.295454545454545
log1p_standardscaler,7,43,validation,4,22,0.25
log1p_standardscaler,7,43,validation,5,5,0.0568181818181818
log1p_standardscaler,7,43,validation,6,2,0.0227272727272727
log1p_standardscaler,7,44,train,0,43,0.162878787878788
log1p_standardscaler,7,44,train,1,45,0.170454545454545
log1p_standardscaler,7,44,train,2,19,0.071969696969697
log1p_standardscaler,7,44,train,3,30,0.113636363636364
log1p_standardscaler,7,44,train,4,10,0.0378787878787879
log1p_standardscaler,7,44,train,5,50,0.189393939393939
log1p_standardscaler,7,44,train,6,67,0.253787878787879
log1p_standardscaler,7,44,validation,0,11,0.125
log1p_standardscaler,7,44,validation,1,18,0.204545454545455
log1p_standardscaler,7,44,validation,2,11,0.125
log1p_standardscaler,7,44,validation,3,5,0.0568181818181818
log1p_standardscaler,7,44,validation,4,3,0.0340909090909091
log1p_standardscaler,7,44,validation,5,20,0.227272727272727
log1p_standardscaler,7,44,validation,6,20,0.227272727272727
log1p_standardscaler,7,45,train,0,68,0.257575757575758
log1p_standardscaler,7,45,train,1,31,0.117424242424242
log1p_standardscaler,7,45,train,2,54,0.204545454545455
log1p_standardscaler,7,45,train,3,44,0.166666666666667
log1p_standardscaler,7,45,train,4,35,0.132575757575758
log1p_standardscaler,7,45,train,5,20,0.0757575757575758
log1p_standardscaler,7,45,train,6,12,0.0454545454545455
log1p_standardscaler,7,45,validation,0,21,0.238636363636364
log1p_standardscaler,7,45,validation,1,6,0.0681818181818182
log1p_standardscaler,7,45,validation,2,15,0.170454545454545
log1p_standardscaler,7,45,validation,3,20,0.227272727272727
log1p_standardscaler,7,45,validation,4,18,0.204545454545455
log1p_standardscaler,7,45,validation,5,5,0.0568181818181818
log1p_standardscaler,7,45,validation,6,3,0.0340909090909091
log1p_standardscaler,7,46,train,0,9,0.0340909090909091
log1p_standardscaler,7,46,train,1,18,0.0681818181818182
log1p_standardscaler,7,46,train,2,53,0.200757575757576
log1p_standardscaler,7,46,train,3,30,0.113636363636364
log1p_standardscaler,7,46,train,4,55,0.208333333333333
log1p_standardscaler,7,46,train,5,78,0.295454545454545
log1p_standardscaler,7,46,train,6,21,0.0795454545454545
log1p_standardscaler,7,46,validation,0,4,0.0454545454545455
log1p_standardscaler,7,46,validation,1,13,0.147727272727273
log1p_standardscaler,7,46,validation,2,16,0.181818181818182
log1p_standardscaler,7,46,validation,3,6,0.0681818181818182
log1p_standardscaler,7,46,validation,4,22,0.25
log1p_standardscaler,7,46,validation,5,21,0.238636363636364
log1p_standardscaler,7,46,validation,6,6,0.0681818181818182
log1p_standardscaler,7,47,train,0,44,0.166666666666667
log1p_standardscaler,7,47,train,1,55,0.208333333333333
log1p_standardscaler,7,47,train,2,35,0.132575757575758
log1p_standardscaler,7,47,train,3,72,0.272727272727273
log1p_standardscaler,7,47,train,4,21,0.0795454545454545
log1p_standardscaler,7,47,train,5,10,0.0378787878787879
log1p_standardscaler,7,47,train,6,27,0.102272727272727
log1p_standardscaler,7,47,validation,0,10,0.113636363636364
log1p_standardscaler,7,47,validation,1,23,0.261363636363636
log1p_standardscaler,7,47,validation,2,7,0.0795454545454545
log1p_standardscaler,7,47,validation,3,21,0.238636363636364
log1p_standardscaler,7,47,validation,4,7,0.0795454545454545
log1p_standardscaler,7,47,validation,5,3,0.0340909090909091
log1p_standardscaler,7,47,validation,6,17,0.193181818181818
log1p_standardscaler,7,48,train,0,13,0.0492424242424242
log1p_standardscaler,7,48,train,1,30,0.113636363636364
log1p_standardscaler,7,48,train,2,49,0.185606060606061
log1p_standardscaler,7,48,train,3,19,0.071969696969697
log1p_standardscaler,7,48,train,4,41,0.15530303030303
log1p_standardscaler,7,48,train,5,43,0.162878787878788
log1p_standardscaler,7,48,train,6,69,0.261363636363636
log1p_standardscaler,7,48,validation,0,4,0.0454545454545455
log1p_standardscaler,7,48,validation,1,6,0.0681818181818182
log1p_standardscaler,7,48,validation,2,20,0.227272727272727
log1p_standardscaler,7,48,validation,3,11,0.125
log1p_standardscaler,7,48,validation,4,9,0.102272727272727
log1p_standardscaler,7,48,validation,5,18,0.204545454545455
log1p_standardscaler,7,48,validation,6,20,0.227272727272727
log1p_standardscaler,7,49,train,0,45,0.170454545454545
log1p_standardscaler,7,49,train,1,53,0.200757575757576
log1p_standardscaler,7,49,train,2,30,0.113636363636364
log1p_standardscaler,7,49,train,3,34,0.128787878787879
log1p_standardscaler,7,49,train,4,13,0.0492424242424242
log1p_standardscaler,7,49,train,5,72,0.272727272727273
log1p_standardscaler,7,49,train,6,17,0.0643939393939394
log1p_standardscaler,7,49,validation,0,14,0.159090909090909
log1p_standardscaler,7,49,validation,1,20,0.227272727272727
log1p_standardscaler,7,49,validation,2,6,0.0681818181818182
log1p_standardscaler,7,49,validation,3,11,0.125
log1p_standardscaler,7,49,validation,4,3,0.0340909090909091
log1p_standardscaler,7,49,validation,5,19,0.215909090909091
log1p_standardscaler,7,49,validation,6,15,0.170454545454545
log1p_standardscaler,7,50,train,0,18,0.0681818181818182
log1p_standardscaler,7,50,train,1,45,0.170454545454545
log1p_standardscaler,7,50,train,2,95,0.359848484848485
log1p_standardscaler,7,50,train,3,19,0.071969696969697
log1p_standardscaler,7,50,train,4,44,0.166666666666667
log1p_standardscaler,7,50,train,5,19,0.071969696969697
log1p_standardscaler,7,50,train,6,24,0.0909090909090909
log1p_standardscaler,7,50,validation,0,6,0.0681818181818182
log1p_standardscaler,7,50,validation,1,16,0.181818181818182
log1p_standardscaler,7,50,validation,2,26,0.295454545454545
log1p_standardscaler,7,50,validation,3,5,0.0568181818181818
log1p_standardscaler,7,50,validation,4,10,0.113636363636364
log1p_standardscaler,7,50,validation,5,13,0.147727272727273
log1p_standardscaler,7,50,validation,6,12,0.136363636363636
log1p_standardscaler,7,51,train,0,25,0.0946969696969697
log1p_standardscaler,7,51,train,1,53,0.200757575757576
log1p_standardscaler,7,51,train,2,80,0.303030303030303
log1p_standardscaler,7,51,train,3,30,0.113636363636364
log1p_standardscaler,7,51,train,4,10,0.0378787878787879
log1p_standardscaler,7,51,train,5,17,0.0643939393939394
log1p_standardscaler,7,51,train,6,49,0.185606060606061
log1p_standardscaler,7,51,validation,0,10,0.113636363636364
log1p_standardscaler,7,51,validation,1,10,0.113636363636364
log1p_standardscaler,7,51,validation,2,21,0.238636363636364
log1p_standardscaler,7,51,validation,3,18,0.204545454545455
log1p_standardscaler,7,51,validation,4,4,0.0454545454545455
log1p_standardscaler,7,51,validation,5,6,0.0681818181818182
log1p_standardscaler,7,51,validation,6,19,0.215909090909091
log1p_standardscaler,8,42,train,0,22,0.0833333333333333
log1p_standardscaler,8,42,train,1,62,0.234848484848485
log1p_standardscaler,8,42,train,2,15,0.0568181818181818
log1p_standardscaler,8,42,train,3,30,0.113636363636364
log1p_standardscaler,8,42,train,4,22,0.0833333333333333
log1p_standardscaler,8,42,train,5,54,0.204545454545455
log1p_standardscaler,8,42,train,6,8,0.0303030303030303
log1p_standardscaler,8,42,train,7,51,0.193181818181818
log1p_standardscaler,8,42,validation,0,11,0.125
log1p_standardscaler,8,42,validation,1,16,0.181818181818182
log1p_standardscaler,8,42,validation,2,8,0.0909090909090909
log1p_standardscaler,8,42,validation,3,6,0.0681818181818182
log1p_standardscaler,8,42,validation,4,9,0.102272727272727
log1p_standardscaler,8,42,validation,5,24,0.272727272727273
log1p_standardscaler,8,42,validation,6,2,0.0227272727272727
log1p_standardscaler,8,42,validation,7,12,0.136363636363636
log1p_standardscaler,8,43,train,0,17,0.0643939393939394
log1p_standardscaler,8,43,train,1,64,0.242424242424242
log1p_standardscaler,8,43,train,2,61,0.231060606060606
log1p_standardscaler,8,43,train,3,30,0.113636363636364
log1p_standardscaler,8,43,train,4,55,0.208333333333333
log1p_standardscaler,8,43,train,5,18,0.0681818181818182
log1p_standardscaler,8,43,train,6,17,0.0643939393939394
log1p_standardscaler,8,43,train,7,2,0.00757575757575758
log1p_standardscaler,8,43,validation,0,5,0.0568181818181818
log1p_standardscaler,8,43,validation,1,21,0.238636363636364
log1p_standardscaler,8,43,validation,2,13,0.147727272727273
log1p_standardscaler,8,43,validation,3,6,0.0681818181818182
log1p_standardscaler,8,43,validation,4,25,0.284090909090909
log1p_standardscaler,8,43,validation,5,14,0.159090909090909
log1p_standardscaler,8,43,validation,6,4,0.0454545454545455
log1p_standardscaler,8,43,validation,7,0,0
log1p_standardscaler,8,44,train,0,31,0.117424242424242
log1p_standardscaler,8,44,train,1,55,0.208333333333333
log1p_standardscaler,8,44,train,2,18,0.0681818181818182
log1p_standardscaler,8,44,train,3,8,0.0303030303030303
log1p_standardscaler,8,44,train,4,44,0.166666666666667
log1p_standardscaler,8,44,train,5,17,0.0643939393939394
log1p_standardscaler,8,44,train,6,26,0.0984848484848485
log1p_standardscaler,8,44,train,7,65,0.246212121212121
log1p_standardscaler,8,44,validation,0,6,0.0681818181818182
log1p_standardscaler,8,44,validation,1,21,0.238636363636364
log1p_standardscaler,8,44,validation,2,5,0.0568181818181818
log1p_standardscaler,8,44,validation,3,2,0.0227272727272727
log1p_standardscaler,8,44,validation,4,9,0.102272727272727
log1p_standardscaler,8,44,validation,5,14,0.159090909090909
log1p_standardscaler,8,44,validation,6,9,0.102272727272727
log1p_standardscaler,8,44,validation,7,22,0.25
log1p_standardscaler,8,45,train,0,22,0.0833333333333333
log1p_standardscaler,8,45,train,1,37,0.140151515151515
log1p_standardscaler,8,45,train,2,11,0.0416666666666667
log1p_standardscaler,8,45,train,3,49,0.185606060606061
log1p_standardscaler,8,45,train,4,65,0.246212121212121
log1p_standardscaler,8,45,train,5,41,0.15530303030303
log1p_standardscaler,8,45,train,6,18,0.0681818181818182
log1p_standardscaler,8,45,train,7,21,0.0795454545454545
log1p_standardscaler,8,45,validation,0,10,0.113636363636364
log1p_standardscaler,8,45,validation,1,13,0.147727272727273
log1p_standardscaler,8,45,validation,2,3,0.0340909090909091
log1p_standardscaler,8,45,validation,3,20,0.227272727272727
log1p_standardscaler,8,45,validation,4,15,0.170454545454545
log1p_standardscaler,8,45,validation,5,11,0.125
log1p_standardscaler,8,45,validation,6,11,0.125
log1p_standardscaler,8,45,validation,7,5,0.0568181818181818
log1p_standardscaler,8,46,train,0,18,0.0681818181818182
log1p_standardscaler,8,46,train,1,34,0.128787878787879
log1p_standardscaler,8,46,train,2,11,0.0416666666666667
log1p_standardscaler,8,46,train,3,13,0.0492424242424242
log1p_standardscaler,8,46,train,4,51,0.193181818181818
log1p_standardscaler,8,46,train,5,68,0.257575757575758
log1p_standardscaler,8,46,train,6,39,0.147727272727273
log1p_standardscaler,8,46,train,7,30,0.113636363636364
log1p_standardscaler,8,46,validation,0,8,0.0909090909090909
log1p_standardscaler,8,46,validation,1,16,0.181818181818182
log1p_standardscaler,8,46,validation,2,3,0.0340909090909091
log1p_standardscaler,8,46,validation,3,6,0.0681818181818182
log1p_standardscaler,8,46,validation,4,23,0.261363636363636
log1p_standardscaler,8,46,validation,5,17,0.193181818181818
log1p_standardscaler,8,46,validation,6,8,0.0909090909090909
log1p_standardscaler,8,46,validation,7,7,0.0795454545454545
log1p_standardscaler,8,47,train,0,2,0.00757575757575758
log1p_standardscaler,8,47,train,1,73,0.276515151515151
log1p_standardscaler,8,47,train,2,32,0.121212121212121
log1p_standardscaler,8,47,train,3,21,0.0795454545454545
log1p_standardscaler,8,47,train,4,48,0.181818181818182
log1p_standardscaler,8,47,train,5,26,0.0984848484848485
log1p_standardscaler,8,47,train,6,8,0.0303030303030303
log1p_standardscaler,8,47,train,7,54,0.204545454545455
log1p_standardscaler,8,47,validation,0,0,0
log1p_standardscaler,8,47,validation,1,22,0.25
log1p_standardscaler,8,47,validation,2,7,0.0795454545454545
log1p_standardscaler,8,47,validation,3,5,0.0568181818181818
log1p_standardscaler,8,47,validation,4,21,0.238636363636364
log1p_standardscaler,8,47,validation,5,16,0.181818181818182
log1p_standardscaler,8,47,validation,6,2,0.0227272727272727
log1p_standardscaler,8,47,validation,7,15,0.170454545454545
log1p_standardscaler,8,48,train,0,45,0.170454545454545
log1p_standardscaler,8,48,train,1,17,0.0643939393939394
log1p_standardscaler,8,48,train,2,49,0.185606060606061
log1p_standardscaler,8,48,train,3,89,0.337121212121212
log1p_standardscaler,8,48,train,4,25,0.0946969696969697
log1p_standardscaler,8,48,train,5,18,0.0681818181818182
log1p_standardscaler,8,48,train,6,16,0.0606060606060606
log1p_standardscaler,8,48,train,7,5,0.0189393939393939
log1p_standardscaler,8,48,validation,0,17,0.193181818181818
log1p_standardscaler,8,48,validation,1,4,0.0454545454545455
log1p_standardscaler,8,48,validation,2,11,0.125
log1p_standardscaler,8,48,validation,3,24,0.272727272727273
log1p_standardscaler,8,48,validation,4,12,0.136363636363636
log1p_standardscaler,8,48,validation,5,14,0.159090909090909
log1p_standardscaler,8,48,validation,6,4,0.0454545454545455
log1p_standardscaler,8,48,validation,7,2,0.0227272727272727
log1p_standardscaler,8,49,train,0,39,0.147727272727273
log1p_standardscaler,8,49,train,1,43,0.162878787878788
log1p_standardscaler,8,49,train,2,30,0.113636363636364
log1p_standardscaler,8,49,train,3,41,0.15530303030303
log1p_standardscaler,8,49,train,4,13,0.0492424242424242
log1p_standardscaler,8,49,train,5,25,0.0946969696969697
log1p_standardscaler,8,49,train,6,69,0.261363636363636
log1p_standardscaler,8,49,train,7,4,0.0151515151515152
log1p_standardscaler,8,49,validation,0,14,0.159090909090909
log1p_standardscaler,8,49,validation,1,9,0.102272727272727
log1p_standardscaler,8,49,validation,2,6,0.0681818181818182
log1p_standardscaler,8,49,validation,3,18,0.204545454545455
log1p_standardscaler,8,49,validation,4,5,0.0568181818181818
log1p_standardscaler,8,49,validation,5,16,0.181818181818182
log1p_standardscaler,8,49,validation,6,19,0.215909090909091
log1p_standardscaler,8,49,validation,7,1,0.0113636363636364
log1p_standardscaler,8,50,train,0,66,0.25
log1p_standardscaler,8,50,train,1,53,0.200757575757576
log1p_standardscaler,8,50,train,2,14,0.053030303030303
log1p_standardscaler,8,50,train,3,10,0.0378787878787879
log1p_standardscaler,8,50,train,4,45,0.170454545454545
log1p_standardscaler,8,50,train,5,25,0.0946969696969697
log1p_standardscaler,8,50,train,6,30,0.113636363636364
log1p_standardscaler,8,50,train,7,21,0.0795454545454545
log1p_standardscaler,8,50,validation,0,17,0.193181818181818
log1p_standardscaler,8,50,validation,1,23,0.261363636363636
log1p_standardscaler,8,50,validation,2,6,0.0681818181818182
log1p_standardscaler,8,50,validation,3,3,0.0340909090909091
log1p_standardscaler,8,50,validation,4,10,0.113636363636364
log1p_standardscaler,8,50,validation,5,13,0.147727272727273
log1p_standardscaler,8,50,validation,6,6,0.0681818181818182
log1p_standardscaler,8,50,validation,7,10,0.113636363636364
log1p_standardscaler,8,51,train,0,67,0.253787878787879
log1p_standardscaler,8,51,train,1,14,0.053030303030303
log1p_standardscaler,8,51,train,2,18,0.0681818181818182
log1p_standardscaler,8,51,train,3,25,0.0946969696969697
log1p_standardscaler,8,51,train,4,41,0.15530303030303
log1p_standardscaler,8,51,train,5,23,0.0871212121212121
log1p_standardscaler,8,51,train,6,31,0.117424242424242
log1p_standardscaler,8,51,train,7,45,0.170454545454545
log1p_standardscaler,8,51,validation,0,19,0.215909090909091
log1p_standardscaler,8,51,validation,1,6,0.0681818181818182
log1p_standardscaler,8,51,validation,2,5,0.0568181818181818
log1p_standardscaler,8,51,validation,3,15,0.170454545454545
log1p_standardscaler,8,51,validation,4,12,0.136363636363636
log1p_standardscaler,8,51,validation,5,11,0.125
log1p_standardscaler,8,51,validation,6,6,0.0681818181818182
log1p_standardscaler,8,51,validation,7,14,0.159090909090909
