preprocessing,k,run_count,train_silhouette_mean,validation_silhouette_mean,silhouette_generalization_gap_abs,silhouette_generalization_gap_signed,validation_silhouette_std,ari_mean,ari_min,ari_std,min_cluster_share_mean,min_cluster_share_min,train_inertia_mean,train_inertia_std,validation_inertia_mean,validation_inertia_std,validation_silhouette_rank,stability_ari_rank,smallest_cluster_share_rank,validation_silhouette_global_rank,stability_ari_global_rank,smallest_cluster_share_global_rank,small_cluster_below_5pct_flag
log1p_standardscaler,2,10,0.2756139009218228,0.3065648922483924,0.030950991326569588,0.030950991326569588,0.0,0.9969695622948254,0.9848478114741273,0.006060875410349,0.4473484848484849,0.4469696969696969,1116.6107327488826,0.0162639597047276,391.53483467563535,0.0383472173352028,1.0,1.0,1.0,5.0,2.0,1.0,False
log1p_standardscaler,3,10,0.2048938146371933,0.21650549906691,0.01161168442971669,0.01161168442971669,0.0014288916168913,0.9078321458868236,0.7981660888687675,0.0544334479718216,0.3037878787878788,0.2765151515151515,945.8997632672877,0.2850430883885862,341.0619866485272,1.058538711232258,2.0,3.0,2.0,9.0,9.0,2.0,False
log1p_standardscaler,4,10,0.2059198133184941,0.1539521108707767,0.051967702447717395,-0.051967702447717395,0.0052716881073616,0.9152390551248912,0.7916498734486946,0.0752555712288478,0.1253787878787879,0.1174242424242424,830.6381665997857,0.4780203372947748,302.02496737854426,1.0747852278814072,5.0,2.0,3.0,12.0,8.0,4.0,False
log1p_standardscaler,5,10,0.1975772810894724,0.1622676423709001,0.03530963871857229,-0.03530963871857229,0.0169968259895679,0.6775078389376425,0.3574382845980767,0.1781557814588706,0.0859848484848484,0.0492424242424242,756.6133051853194,1.6245767595551317,286.6440322008419,3.3339702327806995,3.0,4.0,4.0,10.0,11.0,6.0,True
log1p_standardscaler,6,10,0.1933042636303393,0.1601262501089878,0.033178013521351524,-0.033178013521351524,0.0074620216465309,0.5671110336732161,0.3931620785002258,0.1253173183390057,0.0602272727272727,0.0416666666666666,698.2951519768874,2.002889337434022,265.166014416891,5.462564432002213,4.0,7.0,5.0,11.0,14.0,7.0,True
log1p_standardscaler,7,10,0.1868149621316039,0.1446194540834308,0.0421955080481731,-0.0421955080481731,0.014580739775352,0.5835588710891184,0.3581189328229029,0.1450210824746657,0.0450757575757575,0.034090909090909,649.37762762818,2.6090046031308205,253.88541067974705,5.762373126861543,6.0,6.0,6.0,13.0,13.0,8.0,True
log1p_standardscaler,8,10,0.1881232242717524,0.1403719039321813,0.04775132033957111,-0.04775132033957111,0.0218037705517779,0.6328784118148502,0.3593827431639903,0.1403357993425528,0.0284090909090909,0.0075757575757575,610.4971447299871,3.9840996507492927,247.24962278558564,6.9299314421937686,7.0,5.0,7.0,14.0,12.0,9.0,True
raw,2,10,0.4984602643461909,0.6102504084130643,0.11179014406687343,0.11179014406687343,0.0,1.0,1.0,0.0,0.178030303030303,0.178030303030303,64359685860.56044,0.0,25458450561.28327,0.0,1.0,1.0,1.0,1.0,1.0,3.0,False
raw,3,10,0.4605077585465321,0.4312092500257714,0.029298508520760713,-0.029298508520760713,0.0132638763716368,0.9426529107395976,0.8536001714015772,0.0582918194341301,0.0909090909090909,0.0909090909090909,46629002093.04807,18062199.028203923,18237782814.276794,65073787.00415208,2.0,3.0,2.0,2.0,4.0,5.0,False
raw,4,10,0.4314203058443825,0.3825679862391422,0.048852319605240335,-0.048852319605240335,0.0144850891973066,0.9159261198951316,0.7864339636215146,0.079335904955579,0.0178030303030303,0.0151515151515151,35322416646.174774,834382117.4915084,14251041568.105652,883359425.4610748,3.0,6.0,3.0,3.0,7.0,10.0,True
raw,5,10,0.4102059267103062,0.31550477312465,0.09470115358565623,-0.09470115358565623,0.0068558298251061,0.9580535254702868,0.8686349622910122,0.0497710591305357,0.0151515151515151,0.0151515151515151,28576990834.307503,4914187.968622386,11448029302.106434,218534389.8592568,4.0,2.0,4.0,4.0,3.0,11.0,True
raw,6,10,0.391146172970804,0.3043374765677029,0.08680869640310113,-0.08680869640310113,0.0004597923916363,0.9186228249674072,0.8469969347381067,0.0709451494545806,0.0037878787878787,0.0037878787878787,23487636076.85028,82135080.70328353,11193081466.57833,17122310.79906956,5.0,5.0,5.0,6.0,6.0,12.0,True
raw,7,10,0.3917876755615015,0.3039179259171188,0.08786974964438271,-0.08786974964438271,0.0100774890081866,0.871233838316673,0.6001977172734291,0.1144563114719975,0.0037878787878787,0.0037878787878787,20141149525.556644,240424161.90328157,10065101855.635046,83938615.23669365,6.0,7.0,5.0,7.0,10.0,12.0,True
raw,8,10,0.3541663580676323,0.2883373259235762,0.06582903214405611,-0.06582903214405611,0.0092105049254289,0.9188641211373332,0.7886389217289468,0.0555887499756908,0.0037878787878787,0.0037878787878787,17261464971.05193,87894569.74213743,9064108818.7282,48043252.48363564,7.0,4.0,5.0,8.0,5.0,12.0,True
