preprocessing,k,seed,n_init,train_inertia,validation_inertia,train_silhouette,validation_silhouette,train_cluster_sizes,train_min_cluster_size,train_max_cluster_size,train_min_cluster_share,train_max_cluster_share,validation_distinct_clusters,n_iter
raw,2,42,10,64359685860.56044,25458450561.28327,0.4984602643461909,0.6102504084130643,"{""0"": 217, ""1"": 47}",47,217,0.17803030303030304,0.821969696969697,2,10
raw,2,43,10,64359685860.56044,25458450561.28327,0.4984602643461909,0.6102504084130643,"{""0"": 47, ""1"": 217}",47,217,0.17803030303030304,0.821969696969697,2,14
raw,2,44,10,64359685860.56044,25458450561.28327,0.4984602643461909,0.6102504084130643,"{""0"": 217, ""1"": 47}",47,217,0.17803030303030304,0.821969696969697,2,9
raw,2,45,10,64359685860.56044,25458450561.28327,0.4984602643461909,0.6102504084130643,"{""0"": 217, ""1"": 47}",47,217,0.17803030303030304,0.821969696969697,2,5
raw,2,46,10,64359685860.56044,25458450561.28327,0.4984602643461909,0.6102504084130643,"{""0"": 47, ""1"": 217}",47,217,0.17803030303030304,0.821969696969697,2,14
raw,2,47,10,64359685860.56044,25458450561.28327,0.4984602643461909,0.6102504084130643,"{""0"": 217, ""1"": 47}",47,217,0.17803030303030304,0.821969696969697,2,6
raw,2,48,10,64359685860.56044,25458450561.28327,0.4984602643461909,0.6102504084130643,"{""0"": 217, ""1"": 47}",47,217,0.17803030303030304,0.821969696969697,2,13
raw,2,49,10,64359685860.56044,25458450561.28327,0.4984602643461909,0.6102504084130643,"{""0"": 217, ""1"": 47}",47,217,0.17803030303030304,0.821969696969697,2,7
raw,2,50,10,64359685860.56044,25458450561.28327,0.4984602643461909,0.6102504084130643,"{""0"": 217, ""1"": 47}",47,217,0.17803030303030304,0.821969696969697,2,5
raw,2,51,10,64359685860.56044,25458450561.28327,0.4984602643461909,0.6102504084130643,"{""0"": 47, ""1"": 217}",47,217,0.17803030303030304,0.821969696969697,2,12
raw,3,42,10,46621695394.52173,18281347659.537476,0.4556655224618854,0.41822336374864655,"{""0"": 182, ""1"": 58, ""2"": 24}",24,182,0.09090909090909091,0.6893939393939394,3,6
raw,3,43,10,46621695394.52173,18281347659.537476,0.4556655224618854,0.41822336374864655,"{""0"": 24, ""1"": 182, ""2"": 58}",24,182,0.09090909090909091,0.6893939393939394,3,4
raw,3,44,10,46619209584.57118,18254799998.697716,0.4587317573986716,0.433680824264415,"{""0"": 56, ""1"": 184, ""2"": 24}",24,184,0.09090909090909091,0.696969696969697,3,8
raw,3,45,10,46619209584.57118,18254799998.697716,0.4587317573986716,0.433680824264415,"{""0"": 56, ""1"": 24, ""2"": 184}",24,184,0.09090909090909091,0.696969696969697,3,8
raw,3,46,10,46663200507.054504,18116618754.91358,0.47374423301154656,0.4522378741027339,"{""0"": 193, ""1"": 24, ""2"": 47}",24,193,0.09090909090909091,0.7310606060606061,3,10
raw,3,47,10,46621695394.52173,18281347659.537476,0.4556655224618854,0.41822336374864655,"{""0"": 182, ""1"": 58, ""2"": 24}",24,182,0.09090909090909091,0.6893939393939394,3,7
raw,3,48,10,46619209584.57118,18254799998.697716,0.4587317573986716,0.433680824264415,"{""0"": 56, ""1"": 24, ""2"": 184}",24,184,0.09090909090909091,0.696969696969697,3,9
raw,3,49,10,46619209584.57118,18254799998.697716,0.4587317573986716,0.433680824264415,"{""0"": 184, ""1"": 24, ""2"": 56}",24,184,0.09090909090909091,0.696969696969697,3,9
raw,3,50,10,46621695394.52173,18281347659.537476,0.4556655224618854,0.41822336374864655,"{""0"": 58, ""1"": 182, ""2"": 24}",24,182,0.09090909090909091,0.6893939393939394,3,6
raw,3,51,10,46663200507.054504,18116618754.91358,0.47374423301154656,0.4522378741027339,"{""0"": 193, ""1"": 24, ""2"": 47}",24,193,0.09090909090909091,0.7310606060606061,3,11
raw,4,42,10,34803337278.137535,14785906042.540134,0.42979822937184786,0.37333050000591134,"{""0"": 39, ""1"": 162, ""2"": 5, ""3"": 58}",5,162,0.01893939393939394,0.6136363636363636,4,8
raw,4,43,10,36518434822.834435,13005473707.46568,0.43316147776156416,0.4027629233858436,"{""0"": 47, ""1"": 174, ""2"": 4, ""3"": 39}",4,174,0.015151515151515152,0.6590909090909091,4,5
raw,4,44,10,34809409141.22384,14847555321.026474,0.43261701869460556,0.37421435220142035,"{""0"": 58, ""1"": 37, ""2"": 5, ""3"": 164}",5,164,0.01893939393939394,0.6212121212121212,4,13
raw,4,45,10,36557480765.735054,12904676538.11153,0.43482759777710356,0.4050728111873372,"{""0"": 39, ""1"": 178, ""2"": 43, ""3"": 4}",4,178,0.015151515151515152,0.6742424242424242,4,8
raw,4,46,10,34803337278.137535,14785906042.540134,0.42979822937184786,0.37333050000591134,"{""0"": 39, ""1"": 58, ""2"": 5, ""3"": 162}",5,162,0.01893939393939394,0.6136363636363636,4,6
raw,4,47,10,34803720518.4323,14817706194.286497,0.4314443395897488,0.37421435220142035,"{""0"": 163, ""1"": 58, ""2"": 38, ""3"": 5}",5,163,0.01893939393939394,0.6174242424242424,4,11
raw,4,48,10,34803337278.137535,14785906042.540134,0.42979822937184786,0.37333050000591134,"{""0"": 58, ""1"": 162, ""2"": 39, ""3"": 5}",5,162,0.01893939393939394,0.6136363636363636,4,6
raw,4,49,10,34803337278.137535,14785906042.540134,0.42979822937184786,0.37333050000591134,"{""0"": 39, ""1"": 5, ""2"": 58, ""3"": 162}",5,162,0.01893939393939394,0.6136363636363636,4,8
raw,4,50,10,36518434822.834435,13005473707.46568,0.43316147776156416,0.4027629233858436,"{""0"": 47, ""1"": 174, ""2"": 4, ""3"": 39}",4,174,0.015151515151515152,0.6590909090909091,4,7
raw,4,51,10,34803337278.137535,14785906042.540134,0.42979822937184786,0.37333050000591134,"{""0"": 162, ""1"": 58, ""2"": 5, ""3"": 39}",5,162,0.01893939393939394,0.6136363636363636,4,6
raw,5,42,10,28572142692.06953,11873147202.972645,0.4193373120582509,0.3292364744391916,"{""0"": 149, ""1"": 7, ""2"": 38, ""3"": 66, ""4"": 4}",4,149,0.015151515151515152,0.5643939393939394,5,4
raw,5,43,10,28579306991.338356,11342756169.937965,0.4080393146254341,0.31225698624966625,"{""0"": 67, ""1"": 13, ""2"": 144, ""3"": 4, ""4"": 36}",4,144,0.015151515151515152,0.5454545454545454,5,31
raw,5,44,10,28579306991.338356,11342756169.937965,0.4080393146254341,0.31225698624966625,"{""0"": 67, ""1"": 36, ""2"": 4, ""3"": 144, ""4"": 13}",4,144,0.015151515151515152,0.5454545454545454,5,12
raw,5,45,10,28579306991.338356,11342756169.937965,0.4080393146254341,0.31225698624966625,"{""0"": 144, ""1"": 4, ""2"": 67, ""3"": 36, ""4"": 13}",4,144,0.015151515151515152,0.5454545454545454,5,5
raw,5,46,10,28579306991.338356,11342756169.937965,0.4080393146254341,0.31225698624966625,"{""0"": 67, ""1"": 4, ""2"": 144, ""3"": 13, ""4"": 36}",4,144,0.015151515151515152,0.5454545454545454,5,12
raw,5,47,10,28578706685.111115,11349349087.03579,0.40886923004413234,0.31225698624966625,"{""0"": 145, ""1"": 36, ""2"": 13, ""3"": 4, ""4"": 66}",4,145,0.015151515151515152,0.5492424242424242,5,4
raw,5,48,10,28579306991.338356,11342756169.937965,0.4080393146254341,0.31225698624966625,"{""0"": 144, ""1"": 67, ""2"": 36, ""3"": 4, ""4"": 13}",4,144,0.015151515151515152,0.5454545454545454,5,5
raw,5,49,10,28564510332.753117,11851910624.392311,0.4167476072039416,0.32775536680997885,"{""0"": 145, ""1"": 7, ""2"": 70, ""3"": 4, ""4"": 38}",4,145,0.015151515151515152,0.5492424242424242,5,5
raw,5,50,10,28579306991.338356,11342756169.937965,0.4080393146254341,0.31225698624966625,"{""0"": 67, ""1"": 144, ""2"": 36, ""3"": 13, ""4"": 4}",4,144,0.015151515151515152,0.5454545454545454,5,11
raw,5,51,10,28578706685.111115,11349349087.03579,0.40886923004413234,0.31225698624966625,"{""0"": 145, ""1"": 13, ""2"": 4, ""3"": 66, ""4"": 36}",4,145,0.015151515151515152,0.5492424242424242,5,5
raw,6,42,10,23565556223.300953,11179594216.857506,0.3765028539625717,0.30477367393021904,"{""0"": 65, ""1"": 23, ""2"": 4, ""3"": 36, ""4"": 1, ""5"": 135}",1,135,0.003787878787878788,0.5113636363636364,5,13
raw,6,43,10,23409918138.749435,11180963987.148764,0.40554362152030876,0.3039012792051868,"{""0"": 143, ""1"": 15, ""2"": 64, ""3"": 37, ""4"": 1, ""5"": 4}",1,143,0.003787878787878788,0.5416666666666666,5,5
raw,6,44,10,23565556223.300953,11179594216.857506,0.3765028539625717,0.30477367393021904,"{""0"": 65, ""1"": 36, ""2"": 4, ""3"": 135, ""4"": 23, ""5"": 1}",1,135,0.003787878787878788,0.5113636363636364,5,12
raw,6,45,10,23409665378.31215,11212969898.58675,0.40585095959371836,0.3039012792051868,"{""0"": 36, ""1"": 64, ""2"": 144, ""3"": 15, ""4"": 4, ""5"": 1}",1,144,0.003787878787878788,0.5454545454545454,5,9
raw,6,46,10,23565556223.300953,11179594216.857506,0.3765028539625717,0.30477367393021904,"{""0"": 23, ""1"": 135, ""2"": 36, ""3"": 4, ""4"": 1, ""5"": 65}",1,135,0.003787878787878788,0.5113636363636364,5,14
raw,6,47,10,23565556223.300953,11179594216.857506,0.3765028539625717,0.30477367393021904,"{""0"": 36, ""1"": 65, ""2"": 4, ""3"": 135, ""4"": 23, ""5"": 1}",1,135,0.003787878787878788,0.5113636363636364,5,11
raw,6,48,10,23409665378.31215,11212969898.58675,0.40585095959371836,0.3039012792051868,"{""0"": 64, ""1"": 144, ""2"": 36, ""3"": 1, ""4"": 4, ""5"": 15}",1,144,0.003787878787878788,0.5454545454545454,5,5
raw,6,49,10,23409665378.31215,11212969898.58675,0.40585095959371836,0.3039012792051868,"{""0"": 64, ""1"": 144, ""2"": 36, ""3"": 1, ""4"": 4, ""5"": 15}",1,144,0.003787878787878788,0.5454545454545454,5,6
raw,6,50,10,23565556223.300953,11179594216.857506,0.3765028539625717,0.30477367393021904,"{""0"": 135, ""1"": 65, ""2"": 23, ""3"": 4, ""4"": 1, ""5"": 36}",1,135,0.003787878787878788,0.5113636363636364,5,19
raw,6,51,10,23409665378.31215,11212969898.58675,0.40585095959371836,0.3039012792051868,"{""0"": 64, ""1"": 144, ""2"": 36, ""3"": 1, ""4"": 4, ""5"": 15}",1,144,0.003787878787878788,0.5454545454545454,5,6
raw,7,42,10,20125160059.050957,10037825224.33667,0.3782761039162539,0.30477367393021904,"{""0"": 65, ""1"": 1, ""2"": 23, ""3"": 36, ""4"": 1, ""5"": 3, ""6"": 135}",1,135,0.003787878787878788,0.5113636363636364,5,17
raw,7,43,10,20184754102.70247,9918054486.330727,0.4042362028948674,0.30667460235503907,"{""0"": 141, ""1"": 38, ""2"": 15, ""3"": 1, ""4"": 4, ""5"": 64, ""6"": 1}",1,141,0.003787878787878788,0.5340909090909091,5,7
raw,7,44,10,19969521974.49944,10039194994.62793,0.4072017059109714,0.3039012792051868,"{""0"": 64, ""1"": 37, ""2"": 143, ""3"": 1, ""4"": 1, ""5"": 3, ""6"": 15}",1,143,0.003787878787878788,0.5416666666666666,5,6
raw,7,45,10,19969521974.49944,10039194994.62793,0.4072017059109714,0.3039012792051868,"{""0"": 143, ""1"": 1, ""2"": 15, ""3"": 37, ""4"": 3, ""5"": 64, ""6"": 1}",1,143,0.003787878787878788,0.5416666666666666,5,7
raw,7,46,10,20125160059.050957,10037825224.33667,0.3782761039162539,0.30477367393021904,"{""0"": 65, ""1"": 23, ""2"": 135, ""3"": 36, ""4"": 1, ""5"": 1, ""6"": 3}",1,135,0.003787878787878788,0.5113636363636364,5,13
raw,7,47,10,20488342723.477627,10163061517.388554,0.3750971146662705,0.3228834686342872,"{""0"": 135, ""1"": 2, ""2"": 23, ""3"": 36, ""4"": 3, ""5"": 64, ""6"": 1}",1,135,0.003787878787878788,0.5113636363636364,5,15
raw,7,48,10,19969269214.062153,10071200906.065916,0.4075267906946008,0.3039012792051868,"{""0"": 64, ""1"": 144, ""2"": 36, ""3"": 1, ""4"": 1, ""5"": 3, ""6"": 15}",1,144,0.003787878787878788,0.5454545454545454,5,8
raw,7,49,10,19969269214.062153,10071200906.065916,0.4075267906946008,0.3039012792051868,"{""0"": 64, ""1"": 144, ""2"": 36, ""3"": 1, ""4"": 15, ""5"": 3, ""6"": 1}",1,144,0.003787878787878788,0.5454545454545454,5,5
raw,7,50,10,19969521974.49944,10039194994.62793,0.4072017059109714,0.3039012792051868,"{""0"": 37, ""1"": 64, ""2"": 143, ""3"": 3, ""4"": 15, ""5"": 1, ""6"": 1}",1,143,0.003787878787878788,0.5416666666666666,5,8
raw,7,51,10,20640973959.66181,10234265307.942226,0.34533253109925405,0.2805674442954895,"{""0"": 45, ""1"": 64, ""2"": 4, ""3"": 15, ""4"": 21, ""5"": 1, ""6"": 114}",1,114,0.003787878787878788,0.4318181818181818,6,10
raw,8,42,10,17201479725.044216,9086080575.445936,0.35275634538815437,0.28448943629591766,"{""0"": 19, ""1"": 15, ""2"": 117, ""3"": 3, ""4"": 1, ""5"": 64, ""6"": 44, ""7"": 1}",1,117,0.003787878787878788,0.4431818181818182,6,8
raw,8,43,10,17257154041.685135,8999533083.124544,0.35579279652502926,0.2925659783516635,"{""0"": 115, ""1"": 15, ""2"": 16, ""3"": 64, ""4"": 49, ""5"": 3, ""6"": 1, ""7"": 1}",1,115,0.003787878787878788,0.4356060606060606,6,6
raw,8,44,10,17373330246.16912,8991157790.67928,0.3737674034963374,0.30692436999104167,"{""0"": 126, ""1"": 11, ""2"": 63, ""3"": 45, ""4"": 1, ""5"": 14, ""6"": 3, ""7"": 1}",1,126,0.003787878787878788,0.4772727272727273,6,6
raw,8,45,10,17194302809.51944,9103988942.496231,0.34937516124223866,0.28672605304512405,"{""0"": 64, ""1"": 20, ""2"": 15, ""3"": 114, ""4"": 1, ""5"": 3, ""6"": 1, ""7"": 46}",1,114,0.003787878787878788,0.4318181818181818,6,7
raw,8,46,10,17209939613.753696,9123733888.137697,0.3493062494862684,0.27562552309154104,"{""0"": 118, ""1"": 14, ""2"": 21, ""3"": 3, ""4"": 63, ""5"": 43, ""6"": 1, ""7"": 1}",1,118,0.003787878787878788,0.44696969696969696,6,5
raw,8,47,10,17193240545.417263,9118069522.62743,0.3502267074670881,0.28197364320254015,"{""0"": 118, ""1"": 15, ""2"": 3, ""3"": 20, ""4"": 44, ""5"": 62, ""6"": 1, ""7"": 1}",1,118,0.003787878787878788,0.44696969696969696,6,4
raw,8,48,10,17264298236.67334,9033154872.07919,0.3572123528729173,0.2876215174257874,"{""0"": 118, ""1"": 63, ""2"": 16, ""3"": 3, ""4"": 1, ""5"": 14, ""6"": 1, ""7"": 48}",1,118,0.003787878787878788,0.44696969696969696,6,6
raw,8,49,10,17200577795.411808,9092496315.421394,0.34766915296241135,0.2805674442954895,"{""0"": 64, ""1"": 45, ""2"": 114, ""3"": 3, ""4"": 21, ""5"": 1, ""6"": 15, ""7"": 1}",1,114,0.003787878787878788,0.4318181818181818,6,10
raw,8,50,10,17264298236.67334,9033154872.07919,0.3572123528729173,0.2876215174257874,"{""0"": 118, ""1"": 63, ""2"": 16, ""3"": 48, ""4"": 14, ""5"": 1, ""6"": 3, ""7"": 1}",1,118,0.003787878787878788,0.44696969696969696,6,7
raw,8,51,10,17456028460.171913,9059718325.191092,0.3483450583629611,0.2992577761108699,"{""0"": 114, ""1"": 63, ""2"": 3, ""3"": 17, ""4"": 21, ""5"": 1, ""6"": 1, ""7"": 44}",1,114,0.003787878787878788,0.4318181818181818,6,18
log1p_standardscaler,2,42,10,1116.6055896332387,391.5469611305062,0.2756429471829124,0.3065648922483924,"{""0"": 118, ""1"": 146}",118,146,0.44696969696969696,0.553030303030303,2,4
log1p_standardscaler,2,43,10,1116.6055896332387,391.5469611305062,0.2756429471829124,0.3065648922483924,"{""0"": 146, ""1"": 118}",118,146,0.44696969696969696,0.553030303030303,2,8
log1p_standardscaler,2,44,10,1116.6055896332387,391.5469611305062,0.2756429471829124,0.3065648922483924,"{""0"": 146, ""1"": 118}",118,146,0.44696969696969696,0.553030303030303,2,6
log1p_standardscaler,2,45,10,1116.6570207896787,391.42569658179747,0.27535248457201683,0.3065648922483924,"{""0"": 119, ""1"": 145}",119,145,0.45075757575757575,0.5492424242424242,2,10
log1p_standardscaler,2,46,10,1116.6055896332387,391.5469611305062,0.2756429471829124,0.3065648922483924,"{""0"": 118, ""1"": 146}",118,146,0.44696969696969696,0.553030303030303,2,8
log1p_standardscaler,2,47,10,1116.6055896332387,391.5469611305062,0.2756429471829124,0.3065648922483924,"{""0"": 146, ""1"": 118}",118,146,0.44696969696969696,0.553030303030303,2,8
log1p_standardscaler,2,48,10,1116.6055896332387,391.5469611305062,0.2756429471829124,0.3065648922483924,"{""0"": 118, ""1"": 146}",118,146,0.44696969696969696,0.553030303030303,2,13
log1p_standardscaler,2,49,10,1116.6055896332387,391.5469611305062,0.2756429471829124,0.3065648922483924,"{""0"": 146, ""1"": 118}",118,146,0.44696969696969696,0.553030303030303,2,7
log1p_standardscaler,2,50,10,1116.6055896332387,391.5469611305062,0.2756429471829124,0.3065648922483924,"{""0"": 146, ""1"": 118}",118,146,0.44696969696969696,0.553030303030303,2,5
log1p_standardscaler,2,51,10,1116.6055896332387,391.5469611305062,0.2756429471829124,0.3065648922483924,"{""0"": 146, ""1"": 118}",118,146,0.44696969696969696,0.553030303030303,2,11
log1p_standardscaler,3,42,10,946.420021106067,342.7134255324609,0.20688689861188703,0.22057219590191773,"{""0"": 91, ""1"": 73, ""2"": 100}",73,100,0.2765151515151515,0.3787878787878788,3,10
log1p_standardscaler,3,43,10,945.6535808191719,342.2350728611953,0.20856389804245967,0.21605364386302028,"{""0"": 75, ""1"": 87, ""2"": 102}",75,102,0.2840909090909091,0.38636363636363635,3,9
log1p_standardscaler,3,44,10,945.8320395551821,340.3820432801803,0.20505511356214515,0.21605364386302028,"{""0"": 96, ""1"": 87, ""2"": 81}",81,96,0.3068181818181818,0.36363636363636365,3,4
log1p_standardscaler,3,45,10,946.2014458591552,341.0244020027968,0.2008830178976355,0.21605364386302028,"{""0"": 92, ""1"": 85, ""2"": 87}",85,92,0.32196969696969696,0.3484848484848485,3,33
log1p_standardscaler,3,46,10,945.8320395551821,340.3820432801803,0.20505511356214515,0.21605364386302028,"{""0"": 87, ""1"": 96, ""2"": 81}",81,96,0.3068181818181818,0.36363636363636365,3,5
log1p_standardscaler,3,47,10,946.2014458591552,341.0244020027968,0.2008830178976355,0.21605364386302028,"{""0"": 85, ""1"": 87, ""2"": 92}",85,92,0.32196969696969696,0.3484848484848485,3,7
log1p_standardscaler,3,48,10,945.5243728768244,341.2040134513216,0.20834589845267681,0.21605364386302028,"{""0"": 77, ""1"": 100, ""2"": 87}",77,100,0.2916666666666667,0.3787878787878788,3,7
log1p_standardscaler,3,49,10,945.8395531114826,339.70969560657215,0.2023506451514443,0.21605364386302028,"{""0"": 92, ""1"": 87, ""2"": 85}",85,92,0.32196969696969696,0.3484848484848485,3,14
log1p_standardscaler,3,50,10,945.8395531114826,339.70969560657215,0.2023506451514443,0.21605364386302028,"{""0"": 92, ""1"": 87, ""2"": 85}",85,92,0.32196969696969696,0.3484848484848485,3,15
log1p_standardscaler,3,51,10,945.6535808191719,342.2350728611953,0.20856389804245967,0.21605364386302028,"{""0"": 75, ""1"": 102, ""2"": 87}",75,102,0.2840909090909091,0.38636363636363635,3,8
log1p_standardscaler,4,42,10,830.3198220796231,301.9183508427629,0.20406314131563913,0.15700419670630855,"{""0"": 65, ""1"": 69, ""2"": 98, ""3"": 32}",32,98,0.12121212121212122,0.3712121212121212,4,26
log1p_standardscaler,4,43,10,830.4641309981039,302.07731355501085,0.20294399616282818,0.14675031231281263,"{""0"": 96, ""1"": 69, ""2"": 63, ""3"": 36}",36,96,0.13636363636363635,0.36363636363636365,4,14
log1p_standardscaler,4,44,10,830.3198220796231,301.9183508427629,0.20406314131563913,0.15700419670630855,"{""0"": 98, ""1"": 65, ""2"": 32, ""3"": 69}",32,98,0.12121212121212122,0.3712121212121212,4,17
log1p_standardscaler,4,45,10,830.6917873873805,303.0969778010083,0.2026859277157242,0.14675031231281263,"{""0"": 96, ""1"": 68, ""2"": 37, ""3"": 63}",37,96,0.14015151515151514,0.36363636363636365,4,11
log1p_standardscaler,4,46,10,830.3919485326103,300.9362903952938,0.2042602911156267,0.15427714617758861,"{""0"": 65, ""1"": 70, ""2"": 31, ""3"": 98}",31,98,0.11742424242424243,0.3712121212121212,4,9
log1p_standardscaler,4,47,10,830.4021351091933,301.44044190313895,0.2049010844966408,0.15778313352344087,"{""0"": 32, ""1"": 69, ""2"": 99, ""3"": 64}",32,99,0.12121212121212122,0.375,4,17
log1p_standardscaler,4,48,10,831.1242499204076,304.48779062187737,0.21928797746465473,0.15983528816360845,"{""0"": 33, ""1"": 115, ""2"": 53, ""3"": 63}",33,115,0.125,0.4356060606060606,4,9
log1p_standardscaler,4,49,10,830.3919485326103,300.9362903952938,0.2042602911156267,0.15427714617758861,"{""0"": 65, ""1"": 70, ""2"": 98, ""3"": 31}",31,98,0.11742424242424243,0.3712121212121212,4,13
log1p_standardscaler,4,50,10,830.4641309981039,302.07731355501085,0.20294399616282818,0.14675031231281263,"{""0"": 63, ""1"": 96, ""2"": 69, ""3"": 36}",36,96,0.13636363636363635,0.36363636363636365,4,12
log1p_standardscaler,4,51,10,831.8116903602006,301.360553873283,0.20978828631973395,0.15908906431448552,"{""0"": 64, ""1"": 107, ""2"": 62, ""3"": 31}",31,107,0.11742424242424243,0.4053030303030303,4,12
log1p_standardscaler,5,42,10,755.4767938490836,288.15960492368504,0.20518300874862708,0.16234160047658966,"{""0"": 26, ""1"": 58, ""2"": 47, ""3"": 30, ""4"": 103}",26,103,0.09848484848484848,0.39015151515151514,5,9
log1p_standardscaler,5,43,10,755.8111797404424,284.2230976011295,0.1974440323869248,0.17535501624747968,"{""0"": 30, ""1"": 47, ""2"": 29, ""3"": 99, ""4"": 59}",29,99,0.10984848484848485,0.375,5,10
log1p_standardscaler,5,44,10,755.4208934522728,282.3805083862484,0.20031042723253123,0.17955918710136282,"{""0"": 100, ""1"": 24, ""2"": 49, ""3"": 62, ""4"": 29}",24,100,0.09090909090909091,0.3787878787878788,5,13
log1p_standardscaler,5,45,10,756.5243138591186,286.5533716908112,0.18576104416516812,0.13445338831789888,"{""0"": 78, ""1"": 52, ""2"": 49, ""3"": 13, ""4"": 72}",13,78,0.04924242424242424,0.29545454545454547,5,16
log1p_standardscaler,5,46,10,756.978785257157,285.4003327937161,0.2089363263901302,0.1686781029929144,"{""0"": 60, ""1"": 101, ""2"": 46, ""3"": 33, ""4"": 24}",24,101,0.09090909090909091,0.38257575757575757,5,9
log1p_standardscaler,5,47,10,753.6688786367687,285.1508923287763,0.2162247867604681,0.17280947783393347,"{""0"": 46, ""1"": 107, ""2"": 61, ""3"": 26, ""4"": 24}",24,107,0.09090909090909091,0.4053030303030303,5,8
log1p_standardscaler,5,48,10,757.9466910819297,294.8427394745832,0.18110611880585606,0.15311742996876138,"{""0"": 26, ""1"": 39, ""2"": 54, ""3"": 91, ""4"": 54}",26,91,0.09848484848484848,0.3446969696969697,5,12
log1p_standardscaler,5,49,10,757.1788049556517,285.61181681594985,0.18715762233139197,0.169396445678112,"{""0"": 29, ""1"": 57, ""2"": 62, ""3"": 29, ""4"": 87}",29,87,0.10984848484848485,0.32954545454545453,5,13
log1p_standardscaler,5,50,10,759.5334314152501,287.86197084497024,0.204029935274251,0.1748721303144584,"{""0"": 52, ""1"": 104, ""2"": 57, ""3"": 32, ""4"": 19}",19,104,0.07196969696969698,0.3939393939393939,5,7
log1p_standardscaler,5,51,10,757.5932796055199,286.25598714854874,0.18961950879937634,0.13209364477749072,"{""0"": 76, ""1"": 45, ""2"": 73, ""3"": 13, ""4"": 57}",13,76,0.04924242424242424,0.2878787878787879,5,18
log1p_standardscaler,6,42,10,701.440169591987,267.01021135801886,0.18208353714319042,0.1599100898593955,"{""0"": 33, ""1"": 53, ""2"": 24, ""3"": 74, ""4"": 54, ""5"": 26}",24,74,0.09090909090909091,0.2803030303030303,6,10
log1p_standardscaler,6,43,10,698.2129921471223,255.0661249589018,0.17974155567225827,0.16579231655783733,"{""0"": 64, ""1"": 51, ""2"": 13, ""3"": 35, ""4"": 55, ""5"": 46}",13,64,0.04924242424242424,0.24242424242424243,6,11
log1p_standardscaler,6,44,10,698.1471575569683,270.5855520150191,0.2231348271034034,0.15920848534835952,"{""0"": 103, ""1"": 19, ""2"": 61, ""3"": 20, ""4"": 46, ""5"": 15}",15,103,0.056818181818181816,0.39015151515151514,6,22
log1p_standardscaler,6,45,10,697.9281777125368,266.09224613576833,0.19983847892061404,0.16600409180056783,"{""0"": 52, ""1"": 47, ""2"": 49, ""3"": 19, ""4"": 19, ""5"": 78}",19,78,0.07196969696969698,0.29545454545454547,6,16
log1p_standardscaler,6,46,10,694.8700321398526,265.0340642827195,0.18869848734703434,0.14828072520971694,"{""0"": 59, ""1"": 78, ""2"": 33, ""3"": 59, ""4"": 24, ""5"": 11}",11,78,0.041666666666666664,0.29545454545454547,6,20
log1p_standardscaler,6,47,10,696.8447465905397,265.69921299165856,0.20142079073518004,0.1584173358218617,"{""0"": 75, ""1"": 19, ""2"": 53, ""3"": 17, ""4"": 46, ""5"": 54}",17,75,0.06439393939393939,0.2840909090909091,6,11
log1p_standardscaler,6,48,10,699.5902564327159,272.2857378224428,0.19933321372339616,0.1657734821213688,"{""0"": 45, ""1"": 18, ""2"": 13, ""3"": 54, ""4"": 85, ""5"": 49}",13,85,0.04924242424242424,0.32196969696969696,6,12
log1p_standardscaler,6,49,10,696.7374482268215,266.45966370973537,0.18149094251155232,0.15047430760860017,"{""0"": 79, ""1"": 50, ""2"": 59, ""3"": 13, ""4"": 41, ""5"": 22}",13,79,0.04924242424242424,0.29924242424242425,6,8
log1p_standardscaler,6,50,10,698.0481745483025,256.402580768545,0.19751325354133378,0.17205996585298367,"{""0"": 25, ""1"": 46, ""2"": 59, ""3"": 11, ""4"": 56, ""5"": 67}",11,67,0.041666666666666664,0.2537878787878788,6,9
log1p_standardscaler,6,51,10,701.1323648220266,267.02475012610086,0.1797875496054303,0.15534170090918648,"{""0"": 31, ""1"": 69, ""2"": 58, ""3"": 23, ""4"": 27, ""5"": 56}",23,69,0.08712121212121213,0.26136363636363635,6,11
log1p_standardscaler,7,42,10,645.1147325206737,249.1850984837811,0.1858408586643254,0.15278672514174862,"{""0"": 57, ""1"": 21, ""2"": 29, ""3"": 27, ""4"": 71, ""5"": 48, ""6"": 11}",11,71,0.041666666666666664,0.2689393939393939,7,13
log1p_standardscaler,7,43,10,651.3929814946301,254.53753078532958,0.18951668555716486,0.17134389527252034,"{""0"": 19, ""1"": 54, ""2"": 47, ""3"": 55, ""4"": 60, ""5"": 16, ""6"": 13}",13,60,0.04924242424242424,0.22727272727272727,7,11
log1p_standardscaler,7,44,10,647.9672155545338,251.19666260655015,0.18744233174724698,0.15128622427719438,"{""0"": 43, ""1"": 45, ""2"": 19, ""3"": 30, ""4"": 10, ""5"": 50, ""6"": 67}",10,67,0.03787878787878788,0.2537878787878788,7,15
log1p_standardscaler,7,45,10,645.9260659793185,253.79300908354244,0.17463450944667022,0.14792694428442688,"{""0"": 68, ""1"": 31, ""2"": 54, ""3"": 44, ""4"": 35, ""5"": 20, ""6"": 12}",12,68,0.045454545454545456,0.25757575757575757,7,15
log1p_standardscaler,7,46,10,649.2317821247145,257.17743426076765,0.19554828231241594,0.13710908057170912,"{""0"": 9, ""1"": 18, ""2"": 53, ""3"": 30, ""4"": 55, ""5"": 78, ""6"": 21}",9,78,0.03409090909090909,0.29545454545454547,7,16
log1p_standardscaler,7,47,10,647.7927767938909,250.23360858217927,0.18077399657322596,0.14907481670486558,"{""0"": 44, ""1"": 55, ""2"": 35, ""3"": 72, ""4"": 21, ""5"": 10, ""6"": 27}",10,72,0.03787878787878788,0.2727272727272727,7,15
log1p_standardscaler,7,48,10,650.6525566988083,255.25017419962847,0.18690487908802078,0.13925933340609495,"{""0"": 13, ""1"": 30, ""2"": 49, ""3"": 19, ""4"": 41, ""5"": 43, ""6"": 69}",13,69,0.04924242424242424,0.26136363636363635,7,17
log1p_standardscaler,7,49,10,651.9215624648141,243.55777855829103,0.185153731581128,0.1458224649854354,"{""0"": 45, ""1"": 53, ""2"": 30, ""3"": 34, ""4"": 13, ""5"": 72, ""6"": 17}",13,72,0.04924242424242424,0.2727272727272727,7,19
log1p_standardscaler,7,50,10,652.8600633183238,263.68613436929223,0.19627491962781862,0.11435233617592712,"{""0"": 18, ""1"": 45, ""2"": 95, ""3"": 19, ""4"": 44, ""5"": 19, ""6"": 24}",18,95,0.06818181818181818,0.35984848484848486,7,11
log1p_standardscaler,7,51,10,650.916539332092,260.2366758681087,0.18605942671802278,0.1372327200143861,"{""0"": 25, ""1"": 53, ""2"": 80, ""3"": 30, ""4"": 10, ""5"": 17, ""6"": 49}",10,80,0.03787878787878788,0.30303030303030304,7,10
log1p_standardscaler,8,42,10,610.0479863431107,245.89082522364882,0.19174960217997936,0.14735019523444687,"{""0"": 22, ""1"": 62, ""2"": 15, ""3"": 30, ""4"": 22, ""5"": 54, ""6"": 8, ""7"": 51}",8,62,0.030303030303030304,0.23484848484848486,8,23
log1p_standardscaler,8,43,10,605.4960613522546,256.5742090329999,0.1965112754603416,0.15107243174504112,"{""0"": 17, ""1"": 64, ""2"": 61, ""3"": 30, ""4"": 55, ""5"": 18, ""6"": 17, ""7"": 2}",2,64,0.007575757575757576,0.24242424242424243,7,8
log1p_standardscaler,8,44,10,606.246988345776,235.9138935402592,0.18918658350467712,0.1649811715874598,"{""0"": 31, ""1"": 55, ""2"": 18, ""3"": 8, ""4"": 44, ""5"": 17, ""6"": 26, ""7"": 65}",8,65,0.030303030303030304,0.24621212121212122,8,16
log1p_standardscaler,8,45,10,611.1140821524946,242.88909137321843,0.18052915779431278,0.14916779870171834,"{""0"": 22, ""1"": 37, ""2"": 11, ""3"": 49, ""4"": 65, ""5"": 41, ""6"": 18, ""7"": 21}",11,65,0.041666666666666664,0.24621212121212122,8,15
log1p_standardscaler,8,46,10,607.3734675024914,247.96775188903274,0.18779699510477,0.150353923739834,"{""0"": 18, ""1"": 34, ""2"": 11, ""3"": 13, ""4"": 51, ""5"": 68, ""6"": 39, ""7"": 30}",11,68,0.041666666666666664,0.25757575757575757,8,14
log1p_standardscaler,8,47,10,615.7693905948644,245.92088862178042,0.1905306194989939,0.15991961403751329,"{""0"": 2, ""1"": 73, ""2"": 32, ""3"": 21, ""4"": 48, ""5"": 26, ""6"": 8, ""7"": 54}",2,73,0.007575757575757576,0.2765151515151515,7,15
log1p_standardscaler,8,48,10,614.0923181019182,260.82806710522743,0.19636214764857873,0.10737608350506621,"{""0"": 45, ""1"": 17, ""2"": 49, ""3"": 89, ""4"": 25, ""5"": 18, ""6"": 16, ""7"": 5}",5,89,0.01893939393939394,0.3371212121212121,8,6
log1p_standardscaler,8,49,10,616.7957717134684,245.66445460890205,0.1787423706960691,0.1182876813512634,"{""0"": 39, ""1"": 43, ""2"": 30, ""3"": 41, ""4"": 13, ""5"": 25, ""6"": 69, ""7"": 4}",4,69,0.015151515151515152,0.26136363636363635,8,20
log1p_standardscaler,8,50,10,607.4894640812169,245.23526068504418,0.18627040507587372,0.15049920840920378,"{""0"": 66, ""1"": 53, ""2"": 14, ""3"": 10, ""4"": 45, ""5"": 25, ""6"": 30, ""7"": 21}",10,66,0.03787878787878788,0.25,8,9
log1p_standardscaler,8,51,10,610.5459171122759,245.61178577574344,0.18355308575392792,0.10471093101026688,"{""0"": 67, ""1"": 14, ""2"": 18, ""3"": 25, ""4"": 41, ""5"": 23, ""6"": 31, ""7"": 45}",14,67,0.05303030303030303,0.2537878787878788,8,12
