preprocessing,k,inertia_train_mean,inertia_train_std,inertia_validation_mean,inertia_validation_std,silhouette_train_mean,silhouette_train_std,silhouette_validation_mean,silhouette_validation_std,seed_pairs,mean_pairwise_ari_train,std_pairwise_ari_train,min_pairwise_ari_train
log1p_standardscaler,2,1116.61073274888,0.0162639597041845,391.534834675635,0.038347217335234,0.275613900921823,9.18523425549158e-05,0.306564892248392,0,45,0.996969562294825,0.00612936205209631,0.984847811474127
log1p_standardscaler,3,945.899763267288,0.285043088388265,341.061986648527,1.05853871123218,0.204893814637193,0.00312674357630166,0.21650549906691,0.00142889161689138,45,0.907832145886823,0.0550485347040033,0.798166088868767
log1p_standardscaler,4,830.638166599785,0.478020337294948,302.024967378544,1.07478522788151,0.205919813318494,0.00511297027968192,0.153952110870777,0.00527168810736167,45,0.915239055124891,0.0761059436581229,0.791649873448695
log1p_standardscaler,5,756.61330518532,1.62457675955516,286.644032200842,3.33397023278068,0.197577281089472,0.0113849175602452,0.1622676423709,0.016996825989568,45,0.677507838937643,0.180168905034903,0.357438284598077
log1p_standardscaler,6,698.295151976887,2.00288933743415,265.166014416891,5.46256443200219,0.193304263630339,0.0137671968147857,0.160126250108988,0.00746202164653091,45,0.567111033673216,0.12673337818263,0.393162078500226
log1p_standardscaler,7,649.37762762818,2.60900460313077,253.885410679747,5.76237312686153,0.186814962131604,0.00634734200825709,0.144619454083431,0.014580739775352,45,0.583558871089118,0.146659790788035,0.358118932822903
log1p_standardscaler,8,610.497144729987,3.98409965074916,247.249622785586,6.9299314421938,0.188123224271752,0.00604071328118688,0.140371903932181,0.021803770551778,45,0.63287841181485,0.141921564923127,0.35938274316399
raw,2,64359685860.5604,0,25458450561.2833,0,0.498460264346191,0,0.610250408413064,0,45,1,0,1
raw,3,46629002093.0481,18062199.0281982,18237782814.2768,65073787.0041495,0.460507758546532,0.00712440433402903,0.431209250025771,0.0132638763716369,45,0.942652910739598,0.058950504967834,0.853600171401577
raw,4,35322416646.1748,834382117.491527,14251041568.1057,883359425.461075,0.431420305844383,0.00189330273700946,0.382567986239142,0.0144850891973066,45,0.915926119895132,0.0802323843141723,0.786433963621515
raw,5,28576990834.3075,4914187.96861937,11448029302.1064,218534389.859257,0.410205926710306,0.0041888018117897,0.31550477312465,0.00685582982510615,45,0.958053525470287,0.0503334618306856,0.868634962291012
raw,6,23487636076.8503,82135080.7032881,11193081466.5783,17122310.7990698,0.391146172970804,0.0154356854979395,0.304337476567703,0.000459792391636377,45,0.918622824967407,0.0717468150070686,0.846996934738107
raw,7,20141149525.5566,240424161.903281,10065101855.635,83938615.2366943,0.391787675561502,0.0215121741362462,0.303917925917119,0.0100774890081867,45,0.871233838316673,0.115749644178706,0.600197717273429
raw,8,17261464971.0519,87894569.7421405,9064108818.7282,48043252.4836368,0.354166358067632,0.00778594789879952,0.288337325923576,0.00921050492542893,45,0.918864121137333,0.0562168913821715,0.788638921728947
