preprocessing,k,run_count,train_inertia_mean,train_inertia_std,validation_inertia_mean,validation_inertia_std,train_silhouette_mean,train_silhouette_std,validation_silhouette_mean,validation_silhouette_std,min_cluster_share_mean,min_cluster_share_min,max_cluster_share_mean,n_iter_mean,pair_count,ari_mean,ari_std,ari_min,ari_max
log1p_standardscaler,2,10,1116.6107327488826,0.01626395970472762,391.53483467563535,0.038347217335202834,0.2756139009218228,9.185234255491583e-05,0.3065648922483924,0.0,0.4473484848484849,0.44696969696969696,0.5526515151515151,8.0,45,0.9969695622948254,0.006060875410349098,0.9848478114741273,1.0
log1p_standardscaler,3,10,945.8997632672875,0.2850430883885862,341.0619866485272,1.058538711232258,0.2048938146371933,0.0031267435763016626,0.21650549906691002,0.001428891616891375,0.30378787878787883,0.2765151515151515,0.3651515151515151,11.2,45,0.9078321458868235,0.05443344797182166,0.7981660888687675,1.0
log1p_standardscaler,4,10,830.6381665997857,0.47802033729477483,302.02496737854426,1.0747852278814072,0.20591981331849415,0.005112970279681918,0.1539521108707767,0.005271688107361667,0.1253787878787879,0.11742424242424243,0.37916666666666665,14.0,45,0.9152390551248913,0.07525557122884784,0.7916498734486946,1.0
log1p_standardscaler,5,10,756.6133051853194,1.6245767595551317,286.6440322008419,3.3339702327806995,0.19757728108947248,0.011384917560245192,0.16226764237090013,0.01699682598956796,0.08598484848484848,0.04924242424242424,0.35833333333333334,11.5,45,0.6775078389376425,0.1781557814588706,0.35743828459807675,0.9297050339410285
log1p_standardscaler,6,10,698.2951519768874,2.002889337434022,265.166014416891,5.462564432002213,0.1933042636303393,0.013767196814785691,0.1601262501089878,0.0074620216465309105,0.060227272727272727,0.041666666666666664,0.2924242424242424,13.0,45,0.5671110336732161,0.12531731833900575,0.39316207850022583,0.9200440776267944
log1p_standardscaler,7,10,649.37762762818,2.6090046031308205,253.88541067974705,5.762373126861543,0.18681496213160395,0.006347342008257092,0.14461945408343085,0.014580739775352023,0.045075757575757575,0.03409090909090909,0.2772727272727272,14.2,45,0.5835588710891184,0.1450210824746657,0.35811893282290297,0.8944904106073138
log1p_standardscaler,8,10,610.4971447299871,3.9840996507492927,247.24962278558564,6.9299314421937686,0.18812322427175243,0.006040713281186881,0.14037190393218138,0.02180377055177796,0.02840909090909091,0.007575757575757576,0.2606060606060606,13.8,45,0.6328784118148502,0.14033579934255289,0.3593827431639903,0.879654460880452
raw,2,10,64359685860.56044,0.0,25458450561.28327,0.0,0.49846026434619095,0.0,0.6102504084130643,0.0,0.17803030303030304,0.17803030303030304,0.821969696969697,9.5,45,1.0,0.0,1.0,1.0
raw,3,10,46629002093.048065,18062199.028203923,18237782814.276794,65073787.00415208,0.46050775854653214,0.007124404334029029,0.43120925002577143,0.013263876371636861,0.09090909090909091,0.09090909090909091,0.7007575757575758,7.8,45,0.9426529107395976,0.058291819434130136,0.8536001714015772,1.0
raw,4,10,35322416646.174774,834382117.4915084,14251041568.105652,883359425.4610748,0.43142030584438257,0.0018933027370094562,0.3825679862391422,0.014485089197306601,0.017803030303030303,0.015151515151515152,0.6299242424242424,7.8,45,0.9159261198951316,0.079335904955579,0.7864339636215146,1.0
raw,5,10,28576990834.307503,4914187.968622386,11448029302.106434,218534389.85925677,0.4102059267103062,0.004188801811789703,0.31550477312465003,0.006855829825106154,0.015151515151515152,0.015151515151515152,0.5484848484848485,9.4,45,0.9580535254702868,0.0497710591305357,0.8686349622910122,1.0
raw,6,10,23487636076.85028,82135080.70328353,11193081466.57833,17122310.79906956,0.39114617297080406,0.015435685497939467,0.3043374765677029,0.00045979239163637713,0.003787878787878788,0.003787878787878788,0.5280303030303031,10.0,45,0.9186228249674072,0.07094514945458062,0.8469969347381067,1.0
raw,7,10,20141149525.556644,240424161.90328154,10065101855.635046,83938615.23669365,0.39178767556150157,0.02151217413624619,0.3039179259171188,0.01007748900818669,0.003787878787878788,0.003787878787878788,0.5215909090909091,9.6,45,0.871233838316673,0.11445631147199756,0.6001977172734291,1.0
raw,8,10,17261464971.05193,87894569.74213743,9064108818.728199,48043252.48363564,0.3541663580676323,0.007785947898799524,0.28833732592357625,0.009210504925428928,0.003787878787878788,0.003787878787878788,0.44393939393939397,7.7,45,0.9188641211373331,0.05558874997569087,0.7886389217289468,1.0
