preprocessing,k,seed_a,seed_b,ari
raw,2,42,43,1.0
raw,2,42,44,1.0
raw,2,42,45,1.0
raw,2,42,46,1.0
raw,2,42,47,1.0
raw,2,42,48,1.0
raw,2,42,49,1.0
raw,2,42,50,1.0
raw,2,42,51,1.0
raw,2,43,44,1.0
raw,2,43,45,1.0
raw,2,43,46,1.0
raw,2,43,47,1.0
raw,2,43,48,1.0
raw,2,43,49,1.0
raw,2,43,50,1.0
raw,2,43,51,1.0
raw,2,44,45,1.0
raw,2,44,46,1.0
raw,2,44,47,1.0
raw,2,44,48,1.0
raw,2,44,49,1.0
raw,2,44,50,1.0
raw,2,44,51,1.0
raw,2,45,46,1.0
raw,2,45,47,1.0
raw,2,45,48,1.0
raw,2,45,49,1.0
raw,2,45,50,1.0
raw,2,45,51,1.0
raw,2,46,47,1.0
raw,2,46,48,1.0
raw,2,46,49,1.0
raw,2,46,50,1.0
raw,2,46,51,1.0
raw,2,47,48,1.0
raw,2,47,49,1.0
raw,2,47,50,1.0
raw,2,47,51,1.0
raw,2,48,49,1.0
raw,2,48,50,1.0
raw,2,48,51,1.0
raw,2,49,50,1.0
raw,2,49,51,1.0
raw,2,50,51,1.0
raw,3,42,43,1.0
raw,3,42,44,0.9724542157797771
raw,3,42,45,0.9724542157797771
raw,3,42,46,0.8536001714015772
raw,3,42,47,1.0
raw,3,42,48,0.9724542157797771
raw,3,42,49,0.9724542157797771
raw,3,42,50,1.0
raw,3,42,51,0.8536001714015772
raw,3,43,44,0.9724542157797771
raw,3,43,45,0.9724542157797771
raw,3,43,46,0.8536001714015772
raw,3,43,47,1.0
raw,3,43,48,0.9724542157797771
raw,3,43,49,0.9724542157797771
raw,3,43,50,1.0
raw,3,43,51,0.8536001714015772
raw,3,44,45,1.0
raw,3,44,46,0.8789140199491041
raw,3,44,47,0.9724542157797771
raw,3,44,48,1.0
raw,3,44,49,1.0
raw,3,44,50,0.9724542157797771
raw,3,44,51,0.8789140199491041
raw,3,45,46,0.8789140199491041
raw,3,45,47,0.9724542157797771
raw,3,45,48,1.0
raw,3,45,49,1.0
raw,3,45,50,0.9724542157797771
raw,3,45,51,0.8789140199491041
raw,3,46,47,0.8536001714015772
raw,3,46,48,0.8789140199491041
raw,3,46,49,0.8789140199491041
raw,3,46,50,0.8536001714015772
raw,3,46,51,1.0
raw,3,47,48,0.9724542157797771
raw,3,47,49,0.9724542157797771
raw,3,47,50,1.0
raw,3,47,51,0.8536001714015772
raw,3,48,49,1.0
raw,3,48,50,0.9724542157797771
raw,3,48,51,0.8789140199491041
raw,3,49,50,0.9724542157797771
raw,3,49,51,0.8789140199491041
raw,3,50,51,0.8536001714015772
raw,4,42,43,0.8528766779152634
raw,4,42,44,0.976826409615266
raw,4,42,45,0.8093642951838854
raw,4,42,46,1.0
raw,4,42,47,0.988345556740318
raw,4,42,48,1.0
raw,4,42,49,1.0
raw,4,42,50,0.8528766779152634
raw,4,42,51,1.0
raw,4,43,44,0.8299456172548116
raw,4,43,45,0.9499978161215786
raw,4,43,46,0.8528766779152634
raw,4,43,47,0.8413508351509451
raw,4,43,48,0.8528766779152634
raw,4,43,49,0.8528766779152634
raw,4,43,50,1.0
raw,4,43,51,0.8528766779152634
raw,4,44,45,0.7864339636215146
raw,4,44,46,0.976826409615266
raw,4,44,47,0.9883630291236314
raw,4,44,48,0.976826409615266
raw,4,44,49,0.976826409615266
raw,4,44,50,0.8299456172548116
raw,4,44,51,0.976826409615266
raw,4,45,46,0.8093642951838854
raw,4,45,47,0.7978417786311305
raw,4,45,48,0.8093642951838854
raw,4,45,49,0.8093642951838854
raw,4,45,50,0.9499978161215786
raw,4,45,51,0.8093642951838854
raw,4,46,47,0.988345556740318
raw,4,46,48,1.0
raw,4,46,49,1.0
raw,4,46,50,0.8528766779152634
raw,4,46,51,1.0
raw,4,47,48,0.988345556740318
raw,4,47,49,0.988345556740318
raw,4,47,50,0.8413508351509451
raw,4,47,51,0.988345556740318
raw,4,48,49,1.0
raw,4,48,50,0.8528766779152634
raw,4,48,51,1.0
raw,4,49,50,0.8528766779152634
raw,4,49,51,1.0
raw,4,50,51,0.8528766779152634
raw,5,42,43,0.8686349622910122
raw,5,42,44,0.8686349622910122
raw,5,42,45,0.8686349622910122
raw,5,42,46,0.8686349622910122
raw,5,42,47,0.8804805965976026
raw,5,42,48,0.8686349622910122
raw,5,42,49,0.9491767522389568
raw,5,42,50,0.8686349622910122
raw,5,42,51,0.8804805965976026
raw,5,43,44,1.0
raw,5,43,45,1.0
raw,5,43,46,1.0
raw,5,43,47,0.9871877804412874
raw,5,43,48,1.0
raw,5,43,49,0.9149389458227849
raw,5,43,50,1.0
raw,5,43,51,0.9871877804412874
raw,5,44,45,1.0
raw,5,44,46,1.0
raw,5,44,47,0.9871877804412874
raw,5,44,48,1.0
raw,5,44,49,0.9149389458227849
raw,5,44,50,1.0
raw,5,44,51,0.9871877804412874
raw,5,45,46,1.0
raw,5,45,47,0.9871877804412874
raw,5,45,48,1.0
raw,5,45,49,0.9149389458227849
raw,5,45,50,1.0
raw,5,45,51,0.9871877804412874
raw,5,46,47,0.9871877804412874
raw,5,46,48,1.0
raw,5,46,49,0.9149389458227849
raw,5,46,50,1.0
raw,5,46,51,0.9871877804412874
raw,5,47,48,0.9871877804412874
raw,5,47,49,0.9272869433752559
raw,5,47,50,0.9871877804412874
raw,5,47,51,1.0
raw,5,48,49,0.9149389458227849
raw,5,48,50,1.0
raw,5,48,51,0.9871877804412874
raw,5,49,50,0.9149389458227849
raw,5,49,51,0.9272869433752559
raw,5,50,51,0.9871877804412874
raw,6,42,43,0.8469969347381067
raw,6,42,44,1.0
raw,6,42,45,0.8573533342644342
raw,6,42,46,1.0
raw,6,42,47,1.0
raw,6,42,48,0.8573533342644342
raw,6,42,49,0.8573533342644342
raw,6,42,50,1.0
raw,6,42,51,0.8573533342644342
raw,6,43,44,0.8469969347381067
raw,6,43,45,0.9889939411385293
raw,6,43,46,0.8469969347381067
raw,6,43,47,0.8469969347381067
raw,6,43,48,0.9889939411385293
raw,6,43,49,0.9889939411385293
raw,6,43,50,0.8469969347381067
raw,6,43,51,0.9889939411385293
raw,6,44,45,0.8573533342644342
raw,6,44,46,1.0
raw,6,44,47,1.0
raw,6,44,48,0.8573533342644342
raw,6,44,49,0.8573533342644342
raw,6,44,50,1.0
raw,6,44,51,0.8573533342644342
raw,6,45,46,0.8573533342644342
raw,6,45,47,0.8573533342644342
raw,6,45,48,1.0
raw,6,45,49,1.0
raw,6,45,50,0.8573533342644342
raw,6,45,51,1.0
raw,6,46,47,1.0
raw,6,46,48,0.8573533342644342
raw,6,46,49,0.8573533342644342
raw,6,46,50,1.0
raw,6,46,51,0.8573533342644342
raw,6,47,48,0.8573533342644342
raw,6,47,49,0.8573533342644342
raw,6,47,50,1.0
raw,6,47,51,0.8573533342644342
raw,6,48,49,1.0
raw,6,48,50,0.8573533342644342
raw,6,48,51,1.0
raw,6,49,50,0.8573533342644342
raw,6,49,51,1.0
raw,6,50,51,0.8573533342644342
raw,7,42,43,0.8242180710266052
raw,7,42,44,0.8469808037294861
raw,7,42,45,0.8469808037294861
raw,7,42,46,1.0
raw,7,42,47,0.9930535598744271
raw,7,42,48,0.8573384905989424
raw,7,42,49,0.8573384905989424
raw,7,42,50,0.8469808037294861
raw,7,42,51,0.6048590860981169
raw,7,43,44,0.975700601222304
raw,7,43,45,0.975700601222304
raw,7,43,46,0.8242180710266052
raw,7,43,47,0.8203220028842843
raw,7,43,48,0.9650659398684723
raw,7,43,49,0.9650659398684723
raw,7,43,50,0.975700601222304
raw,7,43,51,0.7421878334794232
raw,7,44,45,1.0
raw,7,44,46,0.8469808037294861
raw,7,44,47,0.8431357215583148
raw,7,44,48,0.9889929211649253
raw,7,44,49,0.9889929211649253
raw,7,44,50,1.0
raw,7,44,51,0.7336572001629603
raw,7,45,46,0.8469808037294861
raw,7,45,47,0.8431357215583148
raw,7,45,48,0.9889929211649253
raw,7,45,49,0.9889929211649253
raw,7,45,50,1.0
raw,7,45,51,0.7336572001629603
raw,7,46,47,0.9930535598744271
raw,7,46,48,0.8573384905989424
raw,7,46,49,0.8573384905989424
raw,7,46,50,0.8469808037294861
raw,7,46,51,0.6048590860981169
raw,7,47,48,0.8535152377668855
raw,7,47,49,0.8535152377668855
raw,7,47,50,0.8431357215583148
raw,7,47,51,0.6001977172734291
raw,7,48,49,1.0
raw,7,48,50,0.9889929211649253
raw,7,48,51,0.7293572503755774
raw,7,49,50,0.9889929211649253
raw,7,49,51,0.7293572503755774
raw,7,50,51,0.7336572001629603
raw,8,42,43,0.9646063794433322
raw,8,42,44,0.8697029904486124
raw,8,42,45,0.9623633318470917
raw,8,42,46,0.95012965007954
raw,8,42,47,0.9595554940031557
raw,8,42,48,0.9459328846496987
raw,8,42,49,0.9583073126030802
raw,8,42,50,0.9459328846496987
raw,8,42,51,0.8786038567811221
raw,8,43,44,0.8566907695338477
raw,8,43,45,0.9714973766797451
raw,8,43,46,0.9375664953487794
raw,8,43,47,0.9467163999389072
raw,8,43,48,0.9584282001049406
raw,8,43,49,0.9675830609839393
raw,8,43,50,0.9584282001049406
raw,8,43,51,0.8530088880969428
raw,8,44,45,0.8372857411499633
raw,8,44,46,0.88522411525756
raw,8,44,47,0.8819466882277313
raw,8,44,48,0.8968195207052105
raw,8,44,49,0.8353287952670286
raw,8,44,50,0.8968195207052105
raw,8,44,51,0.7886389217289468
raw,8,45,46,0.9427963499315483
raw,8,45,47,0.9525642051063478
raw,8,45,48,0.9305998296716416
raw,8,45,49,0.9953728390116092
raw,8,45,50,0.9305998296716416
raw,8,45,51,0.8432321702371803
raw,8,46,47,0.9902672264454981
raw,8,46,48,0.9794409127622692
raw,8,46,49,0.9473420820655739
raw,8,46,50,0.9794409127622692
raw,8,46,51,0.8344531327282849
raw,8,47,48,0.9779615459366049
raw,8,47,49,0.948219742548293
raw,8,47,50,0.9779615459366049
raw,8,47,51,0.8424658828325067
raw,8,48,49,0.9268239399272723
raw,8,48,50,1.0
raw,8,48,51,0.8378962705501947
raw,8,49,50,0.9268239399272723
raw,8,49,51,0.839609344238151
raw,8,50,51,0.8378962705501947
log1p_standardscaler,2,42,43,1.0
log1p_standardscaler,2,42,44,1.0
log1p_standardscaler,2,42,45,0.9848478114741273
log1p_standardscaler,2,42,46,1.0
log1p_standardscaler,2,42,47,1.0
log1p_standardscaler,2,42,48,1.0
log1p_standardscaler,2,42,49,1.0
log1p_standardscaler,2,42,50,1.0
log1p_standardscaler,2,42,51,1.0
log1p_standardscaler,2,43,44,1.0
log1p_standardscaler,2,43,45,0.9848478114741273
log1p_standardscaler,2,43,46,1.0
log1p_standardscaler,2,43,47,1.0
log1p_standardscaler,2,43,48,1.0
log1p_standardscaler,2,43,49,1.0
log1p_standardscaler,2,43,50,1.0
log1p_standardscaler,2,43,51,1.0
log1p_standardscaler,2,44,45,0.9848478114741273
log1p_standardscaler,2,44,46,1.0
log1p_standardscaler,2,44,47,1.0
log1p_standardscaler,2,44,48,1.0
log1p_standardscaler,2,44,49,1.0
log1p_standardscaler,2,44,50,1.0
log1p_standardscaler,2,44,51,1.0
log1p_standardscaler,2,45,46,0.9848478114741273
log1p_standardscaler,2,45,47,0.9848478114741273
log1p_standardscaler,2,45,48,0.9848478114741273
log1p_standardscaler,2,45,49,0.9848478114741273
log1p_standardscaler,2,45,50,0.9848478114741273
log1p_standardscaler,2,45,51,0.9848478114741273
log1p_standardscaler,2,46,47,1.0
log1p_standardscaler,2,46,48,1.0
log1p_standardscaler,2,46,49,1.0
log1p_standardscaler,2,46,50,1.0
log1p_standardscaler,2,46,51,1.0
log1p_standardscaler,2,47,48,1.0
log1p_standardscaler,2,47,49,1.0
log1p_standardscaler,2,47,50,1.0
log1p_standardscaler,2,47,51,1.0
log1p_standardscaler,2,48,49,1.0
log1p_standardscaler,2,48,50,1.0
log1p_standardscaler,2,48,51,1.0
log1p_standardscaler,2,49,50,1.0
log1p_standardscaler,2,49,51,1.0
log1p_standardscaler,2,50,51,1.0
log1p_standardscaler,3,42,43,0.9086104562325961
log1p_standardscaler,3,42,44,0.8682443439629627
log1p_standardscaler,3,42,45,0.7998501972414929
log1p_standardscaler,3,42,46,0.8682443439629627
log1p_standardscaler,3,42,47,0.7998501972414929
log1p_standardscaler,3,42,48,0.909030635784971
log1p_standardscaler,3,42,49,0.7981660888687675
log1p_standardscaler,3,42,50,0.7981660888687675
log1p_standardscaler,3,42,51,0.9086104562325961
log1p_standardscaler,3,43,44,0.9335958275559738
log1p_standardscaler,3,43,45,0.8605893511521701
log1p_standardscaler,3,43,46,0.9335958275559738
log1p_standardscaler,3,43,47,0.8605893511521701
log1p_standardscaler,3,43,48,0.9773839771279652
log1p_standardscaler,3,43,49,0.8591641493516811
log1p_standardscaler,3,43,50,0.8591641493516811
log1p_standardscaler,3,43,51,1.0
log1p_standardscaler,3,44,45,0.9221767945984384
log1p_standardscaler,3,44,46,1.0
log1p_standardscaler,3,44,47,0.9221767945984384
log1p_standardscaler,3,44,48,0.9551641572693628
log1p_standardscaler,3,44,49,0.9215271852044353
log1p_standardscaler,3,44,50,0.9215271852044353
log1p_standardscaler,3,44,51,0.9335958275559738
log1p_standardscaler,3,45,46,0.9221767945984384
log1p_standardscaler,3,45,47,1.0
log1p_standardscaler,3,45,48,0.8805410886965259
log1p_standardscaler,3,45,49,0.9551336508321184
log1p_standardscaler,3,45,50,0.9551336508321184
log1p_standardscaler,3,45,51,0.8605893511521701
log1p_standardscaler,3,46,47,0.9221767945984384
log1p_standardscaler,3,46,48,0.9551641572693628
log1p_standardscaler,3,46,49,0.9215271852044353
log1p_standardscaler,3,46,50,0.9215271852044353
log1p_standardscaler,3,46,51,0.9335958275559738
log1p_standardscaler,3,47,48,0.8805410886965259
log1p_standardscaler,3,47,49,0.9551336508321184
log1p_standardscaler,3,47,50,0.9551336508321184
log1p_standardscaler,3,47,51,0.8605893511521701
log1p_standardscaler,3,48,49,0.8793737377717362
log1p_standardscaler,3,48,50,0.8793737377717362
log1p_standardscaler,3,48,51,0.9773839771279652
log1p_standardscaler,3,49,50,1.0
log1p_standardscaler,3,49,51,0.8591641493516811
log1p_standardscaler,3,50,51,0.8591641493516811
log1p_standardscaler,4,42,43,0.9532973723419247
log1p_standardscaler,4,42,44,1.0
log1p_standardscaler,4,42,45,0.9600313355813351
log1p_standardscaler,4,42,46,0.9928439395174121
log1p_standardscaler,4,42,47,0.9884057130608555
log1p_standardscaler,4,42,48,0.8025124657282914
log1p_standardscaler,4,42,49,0.9928439395174121
log1p_standardscaler,4,42,50,0.9532973723419247
log1p_standardscaler,4,42,51,0.8376797419984777
log1p_standardscaler,4,43,44,0.9532973723419247
log1p_standardscaler,4,43,45,0.9924507457213304
log1p_standardscaler,4,43,46,0.9604095781724716
log1p_standardscaler,4,43,47,0.9419744623560756
log1p_standardscaler,4,43,48,0.8016190996379
log1p_standardscaler,4,43,49,0.9604095781724716
log1p_standardscaler,4,43,50,1.0
log1p_standardscaler,4,43,51,0.8426133287336484
log1p_standardscaler,4,44,45,0.9600313355813351
log1p_standardscaler,4,44,46,0.9928439395174121
log1p_standardscaler,4,44,47,0.9884057130608555
log1p_standardscaler,4,44,48,0.8025124657282914
log1p_standardscaler,4,44,49,0.9928439395174121
log1p_standardscaler,4,44,50,0.9532973723419247
log1p_standardscaler,4,44,51,0.8376797419984777
log1p_standardscaler,4,45,46,0.9530196926181141
log1p_standardscaler,4,45,47,0.9486896198858603
log1p_standardscaler,4,45,48,0.7963688122682914
log1p_standardscaler,4,45,49,0.9530196926181141
log1p_standardscaler,4,45,50,0.9924507457213304
log1p_standardscaler,4,45,51,0.8366167332806036
log1p_standardscaler,4,46,47,0.9812711912356082
log1p_standardscaler,4,46,48,0.8073379102465765
log1p_standardscaler,4,46,49,1.0
log1p_standardscaler,4,46,50,0.9604095781724716
log1p_standardscaler,4,46,51,0.8432398728309443
log1p_standardscaler,4,47,48,0.7916498734486946
log1p_standardscaler,4,47,49,0.9812711912356082
log1p_standardscaler,4,47,50,0.9419744623560756
log1p_standardscaler,4,47,51,0.8268075104131084
log1p_standardscaler,4,48,49,0.8073379102465765
log1p_standardscaler,4,48,50,0.8016190996379
log1p_standardscaler,4,48,51,0.8551102516980074
log1p_standardscaler,4,49,50,0.9604095781724716
log1p_standardscaler,4,49,51,0.8432398728309443
log1p_standardscaler,4,50,51,0.8426133287336484
log1p_standardscaler,5,42,43,0.8332016533699386
log1p_standardscaler,5,42,44,0.8015681877787185
log1p_standardscaler,5,42,45,0.4011552377707257
log1p_standardscaler,5,42,46,0.8736446156756341
log1p_standardscaler,5,42,47,0.9143053303662376
log1p_standardscaler,5,42,48,0.7829822554794565
log1p_standardscaler,5,42,49,0.7484983570239246
log1p_standardscaler,5,42,50,0.8525536652178928
log1p_standardscaler,5,42,51,0.4540166289458629
log1p_standardscaler,5,43,44,0.9297050339410285
log1p_standardscaler,5,43,45,0.42293093725613723
log1p_standardscaler,5,43,46,0.8061309303265817
log1p_standardscaler,5,43,47,0.823263067907042
log1p_standardscaler,5,43,48,0.8087501454604968
log1p_standardscaler,5,43,49,0.8383398418437995
log1p_standardscaler,5,43,50,0.7755225060754304
log1p_standardscaler,5,43,51,0.48254324099531437
log1p_standardscaler,5,44,45,0.4085800036440585
log1p_standardscaler,5,44,46,0.7792376300861577
log1p_standardscaler,5,44,47,0.8047819710641908
log1p_standardscaler,5,44,48,0.7863203424450866
log1p_standardscaler,5,44,49,0.838155571608213
log1p_standardscaler,5,44,50,0.7510864043792972
log1p_standardscaler,5,44,51,0.46468113012972256
log1p_standardscaler,5,45,46,0.3695967161311987
log1p_standardscaler,5,45,47,0.35743828459807675
log1p_standardscaler,5,45,48,0.5338744305627671
log1p_standardscaler,5,45,49,0.4809463128364123
log1p_standardscaler,5,45,50,0.45553743800686936
log1p_standardscaler,5,45,51,0.9246587629183353
log1p_standardscaler,5,46,47,0.892280026059935
log1p_standardscaler,5,46,48,0.6734949893159544
log1p_standardscaler,5,46,49,0.716824927853968
log1p_standardscaler,5,46,50,0.7453926898611969
log1p_standardscaler,5,46,51,0.4171616465920663
log1p_standardscaler,5,47,48,0.7231156442154192
log1p_standardscaler,5,47,49,0.7023529111124397
log1p_standardscaler,5,47,50,0.784498897247659
log1p_standardscaler,5,47,51,0.40130079253003215
log1p_standardscaler,5,48,49,0.8432798734604986
log1p_standardscaler,5,48,50,0.7760557772839246
log1p_standardscaler,5,48,51,0.5503037867019506
log1p_standardscaler,5,49,50,0.702455862586792
log1p_standardscaler,5,49,51,0.5442653774152506
log1p_standardscaler,5,50,51,0.5110629161122258
log1p_standardscaler,6,42,43,0.5079409929616454
log1p_standardscaler,6,42,44,0.5695920463999377
log1p_standardscaler,6,42,45,0.6085997628065212
log1p_standardscaler,6,42,46,0.4699674821078035
log1p_standardscaler,6,42,47,0.4876318266230263
log1p_standardscaler,6,42,48,0.48792992193171586
log1p_standardscaler,6,42,49,0.43710700380659206
log1p_standardscaler,6,42,50,0.601942239064988
log1p_standardscaler,6,42,51,0.8887085920371198
log1p_standardscaler,6,43,44,0.39316207850022583
log1p_standardscaler,6,43,45,0.41999678270159646
log1p_standardscaler,6,43,46,0.6169128885635857
log1p_standardscaler,6,43,47,0.502348045909043
log1p_standardscaler,6,43,48,0.4349963162799906
log1p_standardscaler,6,43,49,0.6786685456618731
log1p_standardscaler,6,43,50,0.8765829321741629
log1p_standardscaler,6,43,51,0.5306681180254746
log1p_standardscaler,6,44,45,0.6266729226525696
log1p_standardscaler,6,44,46,0.5835597473061124
log1p_standardscaler,6,44,47,0.5268477831765637
log1p_standardscaler,6,44,48,0.5819365803528759
log1p_standardscaler,6,44,49,0.557727830007959
log1p_standardscaler,6,44,50,0.4339074902835934
log1p_standardscaler,6,44,51,0.5520021909012278
log1p_standardscaler,6,45,46,0.469250986493572
log1p_standardscaler,6,45,47,0.7848447168365477
log1p_standardscaler,6,45,48,0.7425544391323147
log1p_standardscaler,6,45,49,0.43592226592010297
log1p_standardscaler,6,45,50,0.4828522861970189
log1p_standardscaler,6,45,51,0.5491158406523087
log1p_standardscaler,6,46,47,0.5827884376450818
log1p_standardscaler,6,46,48,0.5626017835988656
log1p_standardscaler,6,46,49,0.9200440776267944
log1p_standardscaler,6,46,50,0.6284413109568925
log1p_standardscaler,6,46,51,0.5076922493437775
log1p_standardscaler,6,47,48,0.7956407581447711
log1p_standardscaler,6,47,49,0.5426302538119855
log1p_standardscaler,6,47,50,0.5566819452059579
log1p_standardscaler,6,47,51,0.4506920324309389
log1p_standardscaler,6,48,49,0.5121046065125829
log1p_standardscaler,6,48,50,0.4743006426448712
log1p_standardscaler,6,48,51,0.46218217681163054
log1p_standardscaler,6,49,50,0.5932771931465255
log1p_standardscaler,6,49,51,0.4638194241551289
log1p_standardscaler,6,50,51,0.6271489677908547
log1p_standardscaler,7,42,43,0.6343104919675727
log1p_standardscaler,7,42,44,0.6398181245741845
log1p_standardscaler,7,42,45,0.8641956851324176
log1p_standardscaler,7,42,46,0.7768362165419276
log1p_standardscaler,7,42,47,0.7017953300612987
log1p_standardscaler,7,42,48,0.6379465256127127
log1p_standardscaler,7,42,49,0.6897593567955361
log1p_standardscaler,7,42,50,0.4090576627513662
log1p_standardscaler,7,42,51,0.4142750891459684
log1p_standardscaler,7,43,44,0.5153012176602273
log1p_standardscaler,7,43,45,0.6251601746820524
log1p_standardscaler,7,43,46,0.6385025526801655
log1p_standardscaler,7,43,47,0.6213705969813406
log1p_standardscaler,7,43,48,0.5071779982615512
log1p_standardscaler,7,43,49,0.5634376445226925
log1p_standardscaler,7,43,50,0.556843578508169
log1p_standardscaler,7,43,51,0.47631597467716474
log1p_standardscaler,7,44,45,0.5630655395338032
log1p_standardscaler,7,44,46,0.7124892131150746
log1p_standardscaler,7,44,47,0.5245199896326174
log1p_standardscaler,7,44,48,0.8944904106073138
log1p_standardscaler,7,44,49,0.8544113162951984
log1p_standardscaler,7,44,50,0.3882696161400225
log1p_standardscaler,7,44,51,0.35811893282290297
log1p_standardscaler,7,45,46,0.7257448332704022
log1p_standardscaler,7,45,47,0.7390926934547872
log1p_standardscaler,7,45,48,0.5732457505483189
log1p_standardscaler,7,45,49,0.6239103648506348
log1p_standardscaler,7,45,50,0.4170980405378854
log1p_standardscaler,7,45,51,0.47821476679736413
log1p_standardscaler,7,46,47,0.6752225993543473
log1p_standardscaler,7,46,48,0.7045588898431612
log1p_standardscaler,7,46,49,0.8119686975580738
log1p_standardscaler,7,46,50,0.45459551219476557
log1p_standardscaler,7,46,51,0.4301307533747387
log1p_standardscaler,7,47,48,0.5318570563209022
log1p_standardscaler,7,47,49,0.5970508494823373
log1p_standardscaler,7,47,50,0.4775638709338329
log1p_standardscaler,7,47,51,0.44789079646063346
log1p_standardscaler,7,48,49,0.8167098009127999
log1p_standardscaler,7,48,50,0.41067941005505226
log1p_standardscaler,7,48,51,0.37839871287150656
log1p_standardscaler,7,49,50,0.40602770995734666
log1p_standardscaler,7,49,51,0.3902742792251951
log1p_standardscaler,7,50,51,0.6024445723029587
log1p_standardscaler,8,42,43,0.8545616722851259
log1p_standardscaler,8,42,44,0.8388122736923712
log1p_standardscaler,8,42,45,0.6951581859341928
log1p_standardscaler,8,42,46,0.7636079676036479
log1p_standardscaler,8,42,47,0.7157039871944892
log1p_standardscaler,8,42,48,0.4033236307026581
log1p_standardscaler,8,42,49,0.5866922338480214
log1p_standardscaler,8,42,50,0.8587308572348195
log1p_standardscaler,8,42,51,0.6218493447651842
log1p_standardscaler,8,43,44,0.8256157152035314
log1p_standardscaler,8,43,45,0.6553796562791375
log1p_standardscaler,8,43,46,0.7138740954879663
log1p_standardscaler,8,43,47,0.7656345789277494
log1p_standardscaler,8,43,48,0.4616220474393343
log1p_standardscaler,8,43,49,0.5747480232237634
log1p_standardscaler,8,43,50,0.7707980083244216
log1p_standardscaler,8,43,51,0.6182653604765581
log1p_standardscaler,8,44,45,0.6596567609647067
log1p_standardscaler,8,44,46,0.7388516949777556
log1p_standardscaler,8,44,47,0.7176710627945855
log1p_standardscaler,8,44,48,0.4109313128303348
log1p_standardscaler,8,44,49,0.6005367401307752
log1p_standardscaler,8,44,50,0.8161990549418459
log1p_standardscaler,8,44,51,0.6808880454956957
log1p_standardscaler,8,45,46,0.7367686229566057
log1p_standardscaler,8,45,47,0.5801119871647238
log1p_standardscaler,8,45,48,0.3880809166222791
log1p_standardscaler,8,45,49,0.632216562052329
log1p_standardscaler,8,45,50,0.7167923279721199
log1p_standardscaler,8,45,51,0.5658248283647411
log1p_standardscaler,8,46,47,0.6290841966753965
log1p_standardscaler,8,46,48,0.38355302036388805
log1p_standardscaler,8,46,49,0.6519015623691251
log1p_standardscaler,8,46,50,0.879654460880452
log1p_standardscaler,8,46,51,0.6997352503652178
log1p_standardscaler,8,47,48,0.40832290800147825
log1p_standardscaler,8,47,49,0.5961490881539452
log1p_standardscaler,8,47,50,0.6704235690692018
log1p_standardscaler,8,47,51,0.5170683713645124
log1p_standardscaler,8,48,49,0.3593827431639903
log1p_standardscaler,8,48,50,0.39479931794689166
log1p_standardscaler,8,48,51,0.48592378483781123
log1p_standardscaler,8,49,50,0.6013361800273974
log1p_standardscaler,8,49,51,0.5549411645984926
log1p_standardscaler,8,50,51,0.678345357958987
