preprocessing,k,pair_count,ari_mean,ari_std,ari_min,ari_max
log1p_standardscaler,2,45,0.9969695622948254,0.006060875410349098,0.9848478114741273,1.0
log1p_standardscaler,3,45,0.9078321458868235,0.05443344797182166,0.7981660888687675,1.0
log1p_standardscaler,4,45,0.9152390551248913,0.07525557122884784,0.7916498734486946,1.0
log1p_standardscaler,5,45,0.6775078389376425,0.1781557814588706,0.35743828459807675,0.9297050339410285
log1p_standardscaler,6,45,0.5671110336732161,0.12531731833900575,0.39316207850022583,0.9200440776267944
log1p_standardscaler,7,45,0.5835588710891184,0.1450210824746657,0.35811893282290297,0.8944904106073138
log1p_standardscaler,8,45,0.6328784118148502,0.14033579934255289,0.3593827431639903,0.879654460880452
raw,2,45,1.0,0.0,1.0,1.0
raw,3,45,0.9426529107395976,0.058291819434130136,0.8536001714015772,1.0
raw,4,45,0.9159261198951316,0.079335904955579,0.7864339636215146,1.0
raw,5,45,0.9580535254702868,0.0497710591305357,0.8686349622910122,1.0
raw,6,45,0.9186228249674072,0.07094514945458062,0.8469969347381067,1.0
raw,7,45,0.871233838316673,0.11445631147199756,0.6001977172734291,1.0
raw,8,45,0.9188641211373331,0.05558874997569087,0.7886389217289468,1.0
