id,page,requirement,code_ui,api,data_artifact,test_evidence,status,gap_next_action
R2-01,2,"Bối cảnh nhà phân phối; phân khúc theo cơ cấu chi tiêu, không gắn nhãn giá trị con người",README.md;frontend/src/App.tsx,—,data/README.md,e2e/customer-flow.spec.ts;Đọc source,PASS,—
R2-02,2,Câu hỏi nghiên cứu: log-transform + chuẩn hóa tạo nhóm ổn định và có ý nghĩa,README.md;docs/GATE5_MODEL_SELECTION.md,—,reports/data/experiments/selection_evidence.csv,ml/tests/test_gate5.py;CI8,PASS,—
R2-03,2,"Giải thích K-Means: giả định, ưu và nhược điểm",README.md;docs/GATE5_MODEL_SELECTION.md;frontend/src/App.tsx;docs/MODEL_CARD.md;docs/DATA_CARD.md;docs/GATE9_5_API_EXAMPLES.md,GET /api/model-info,models/model.json,Đọc source;Gate9.2:37797274530;Gate9.4:37812066044/37812066198;Gate9.5:37813391195/37813391072/37813391303,PASS,"ĐÃ ĐÓNG — Model Card giải thích K-Means Euclidean, sensitivity/outlier và giới hạn; API/UI Gate9.5 đã test."
R2-04,2,Pipeline chạy lại từ dữ liệu thô đến mô hình/kết quả trên máy khác,ml/src/prepare_data.py;ml/src/experiments.py;ml/src/finalize_model.py;run.bat,GET /api/health,data/README.md;models/model.joblib,CI8;ml/tests/;Gate9.6 cold:37816077339,PARTIAL,"Cold replay raw→264/88→140 train-only runs/630 ARI PASS Linux/Windows; kiểm chứng final D011 bằng joblib parity, nhưng không tạo lại final fitted model hay chạy lại final test do one-shot policy."
R2-05,2,"Baseline đơn giản và phân tích lỗi, không chỉ báo một metric",ml/src/experiments.py;docs/GATE5_MODEL_SELECTION.md,GET /api/dashboard,reports/data/experiments/baseline_descriptive.csv;reports/data/experiments/baseline_k2.csv,ml/tests/test_experiments.py;CI8,PASS,—
R2-06,2,"Web có API, validation, giới hạn mô hình",backend/src/app.ts;frontend/src/App.tsx,POST /api/segment;GET /api/model-info,models/model.json,backend/src/app.test.ts;e2e/customer-flow.spec.ts;CI8,PASS,—
R2-07,2,"Bài toán không giám sát, một khách hàng bán sỉ là một quan sát",README.md;ml/src/split_data.py,—,data/data_dictionary.md,ml/tests/test_split_data.py;Đọc source,PASS,—
R2-08,2,Sáu feature chi tiêu; Channel/Region chỉ mô tả hậu phân cụm,ml/src/experiments.py;ml/src/profile_candidate.py,POST /api/segment,reports/data/experiments/experiment_metadata.json,ml/tests/test_gate4_independent.py;backend/src/app.test.ts,PASS,—
R2-09,2,"Đầu ra mã cụm, khoảng cách tâm cụm, hồ sơ cụm",backend/model.mjs;frontend/src/App.tsx,POST /api/segment,models/model.json,backend/model.test.mjs;e2e/customer-flow.spec.ts;CI8,PASS,—
R2-10,2,"Inertia, silhouette, seed stability, cluster sizes/interpretation",ml/src/experiments.py;docs/GATE5_MODEL_SELECTION.md,GET /api/dashboard,reports/data/experiments/selection_evidence.csv;reports/data/experiments/stability_pairs.csv,ml/tests/test_gate4_independent.py;CI7,PASS,—
R2-11,2,"Đóng góp cân bằng của hai sinh viên, Git history và vấn đáp cá nhân",docs/history/2026-10.md,—,—,Git history review,MISSING,"Repo chưa có bảng phân công/giờ công/đối chiếu PR-commit theo 2 người; 59 commit quan sát liên kết cùng tài khoản, không suy diễn tác giả thực (nhóm cung cấp bằng chứng)."
R3-01,3,"Nguồn Wholesale customers UCI (440 mẫu), DOI, giấy phép CC BY 4.0",data/README.md;README.md,—,reports/data/data_quality.json,ml/tests/test_audit_data.py;Đọc nguồn/citation,PASS,—
R3-02,3,"Data README: nguồn, tệp, checksum hoặc version, ngày tải, giấy phép, trích dẫn",data/README.md;ml/src/download_data.py,—,reports/data/data_quality.json,ml/tests/test_audit_data.py;Đọc source;Gate9.6 cold:37816077339,PARTIAL,"UCI source/license/DOI/raw checksum có; ngày tải trong local metadata (không commit), chưa có timestamp tải xác minh được trong hồ sơ nộp."
R3-03,3,"Data dictionary: tên, kiểu, đơn vị, vai trò feature/target/ID, thời điểm có dữ liệu",data/data_dictionary.md;docs/MODEL_CARD.md;docs/DATA_CARD.md;docs/GATE9_5_API_EXAMPLES.md,—,data/data_dictionary.md,Đọc source;Gate9.2:37797274530;Gate9.4:37812066044/37812066198;Gate9.5:37813391195/37813391072/37813391303,PASS,"ĐÃ ĐÓNG — Data dictionary/Card có feature, đơn vị m.u./năm, no target, Channel/Region profiling và thời điểm feature có đủ."
R3-04,3,"Báo cáo dữ liệu missing, duplicate, outlier, phân bố, bản ghi loại bỏ/lý do",ml/src/audit_data.py;ml/src/eda.py,—,reports/data/data_quality.json;reports/data/eda/train_iqr_outliers.csv,ml/tests/test_audit_data.py;ml/tests/test_eda.py,PASS,—
R3-05,3,Không commit dữ liệu raw/processed có giới hạn; có script tải/tái tạo,ml/src/download_data.py;ml/src/prepare_data.py;.gitignore,—,data/raw/.gitkeep;data/processed/.gitkeep,CI8;Đọc Git tree,PASS,—
R3-06,3,Tách train/validation/test trước preprocessing học từ dữ liệu,ml/src/split_data.py;ml/src/experiments.py,—,models/selection.json,ml/tests/test_split_data.py;ml/tests/test_gate4_independent.py,PASS,—
R3-07,3,Scaler chỉ fit train khi lựa chọn K; validation chỉ transform/predict,ml/src/experiments.py;ml/src/profile_candidate.py,—,reports/data/experiments/experiment_metadata.json,ml/tests/test_gate4_independent.py,PASS,—
R3-08,3,"Sau freeze, refit train+validation; test không fit hoặc dùng để chọn mô hình",ml/src/finalize_model.py;ml/src/freeze_selection.py,—,models/selection.json;models/final_evaluation.json,ml/tests/test_gate5.py,PASS,—
R3-09,3,Test độc lập chỉ đánh giá một lần; ghi seed và phiên bản,ml/src/finalize_model.py;docs/GATE5_MODEL_SELECTION.md,—,models/final_evaluation.json;reports/data/experiments/experiment_metadata.json,ml/tests/test_gate5.py;Đọc artifact,PASS,—
R3-10,3,Không dùng Channel/Region làm nhãn thật để chọn K,ml/src/experiments.py;ml/src/profile_candidate.py,POST /api/segment,reports/data/experiments/experiment_metadata.json,ml/tests/test_gate4_independent.py,PASS,—
R3-11,3,"Trường hợp dữ liệu có nhóm thời gian/người/phiên, chia theo nhóm tương ứng",ml/src/split_data.py,—,data/data_dictionary.md,Đọc source,NOT REQUIRED,Dataset hiện không có ID thời gian/phiên lặp được khai báo; luật này áp dụng nếu đổi dataset.
R3-12,3,Không đường dẫn tuyệt đối cá nhân ảnh hưởng khả năng chạy lại,ml/src/profile_candidate.py,—,reports/data/profiles/log1p_standardscaler_k2_seed42/profile_metadata.json,Đọc artifact;Gate9.6 cold:37816077339,PARTIAL,Metadata candidate lịch sử chứa absolute C:\\Users\\Admin\\...; không dùng runtime nhưng không thể tuyên bố tất cả artifacts portable.
R4-01,4,"Định nghĩa bài toán, thời điểm dự đoán, tiêu chí đánh giá trước test",README.md;docs/DECISIONS.md;docs/MODEL_CARD.md;docs/DATA_CARD.md;docs/GATE9_5_API_EXAMPLES.md,—,models/selection.json,Đọc quyết định D011;Gate9.2:37797274530;Gate9.4:37812066044/37812066198;Gate9.5:37813391195/37813391072/37813391303,PASS,"ĐÃ ĐÓNG — Mục tiêu, thời điểm dự đoán, metrics/scope theo train/validation/test và model/data card rõ."
R4-02,4,"Script tải, kiểm tra schema/số dòng/khóa/chất lượng",ml/src/prepare_data.py;ml/src/audit_data.py,—,reports/data/data_quality.json,ml/tests/test_audit_data.py,PASS,—
R4-03,4,EDA trên train có biểu đồ giúp chọn tiền xử lý,ml/src/eda.py;docs/EDA.md,—,reports/figures/eda/train_distributions_raw.png;reports/data/eda/train_skewness.csv,ml/tests/test_eda.py,PASS,—
R4-04,4,Baseline thống kê không phân cụm và K2 mặc định,ml/src/experiments.py,—,reports/data/experiments/baseline_descriptive.csv;reports/data/experiments/baseline_k2.csv,ml/tests/test_experiments.py;ml/tests/test_gate4_independent.py,PASS,—
R4-05,4,"KMeans K=2..8, nhiều n_init/random_state",ml/src/experiments.py,GET /api/dashboard,reports/data/experiments/runs.csv;reports/data/experiments/experiment_metadata.json,ml/tests/test_gate4_independent.py,PASS,—
R4-06,4,"Chọn K bằng validation, so sánh công bằng, lưu config và fitted pipeline",ml/src/review_experiments.py;ml/src/finalize_model.py,GET /api/model-info,models/selection.json;models/model.joblib,ml/tests/test_gate5.py,PASS,—
R4-07,4,"Đánh giá cuối đúng một lần trên test sau freeze, minh bạch metrics",ml/src/finalize_model.py,GET /api/dashboard,models/final_evaluation.json,ml/tests/test_gate5.py;CI8,PASS,—
R4-08,4,Phân tích lỗi/outlier/OOD và hạn chế khi phục vụ,ml/src/profile_candidate.py;backend/model.mjs;docs/MODEL_CARD.md;docs/DATA_CARD.md;docs/GATE9_5_API_EXAMPLES.md,POST /api/segment,reports/data/profiles/log1p_standardscaler_k2_seed42/cluster_quality.csv,ml/tests/test_gate4_independent.py;backend/model.test.mjs;Gate9.2:37797274530;Gate9.4:37812066044/37812066198;Gate9.5:37813391195/37813391072/37813391303,PASS,"ĐÃ ĐÓNG — Distance outlier 5/11 ở final development + cờ range train, các giới hạn được giải thích và hiển thị."
R4-09,4,Thí nghiệm 1: Raw vs Log1p + StandardScaler,ml/src/experiments.py;ml/src/eda.py,GET /api/dashboard,reports/data/experiments/selection_evidence.csv,ml/tests/test_experiments.py;CI7,PASS,—
R4-10,4,Thí nghiệm 2: Elbow và silhouette K2–8,ml/src/experiments.py;frontend/src/App.tsx,GET /api/dashboard,reports/figures/experiments/elbow_train.png;reports/figures/experiments/silhouette_validation.png,ml/tests/test_experiments.py;e2e/customer-flow.spec.ts,PASS,—
R4-11,4,"Thí nghiệm 3: ít nhất 10 seeds, độ ổn định ARI",ml/src/experiments.py,GET /api/dashboard,reports/data/experiments/stability_pairs.csv,ml/tests/test_gate4_independent.py,PASS,—
R4-12,4,"Thí nghiệm 4: median chi tiêu, Channel/Region sau có nhãn cụm",ml/src/profile_candidate.py,—,reports/data/profiles/log1p_standardscaler_k2_seed42/train_channel_profile.csv;reports/data/profiles/log1p_standardscaler_k2_seed42/train_region_profile.csv,ml/tests/test_gate4_independent.py,PASS,—
R4-13,4,"Các metric cùng split, validation khác final test; không so inertia khác đơn vị",ml/src/experiments.py;docs/GATE5_MODEL_SELECTION.md,GET /api/dashboard,reports/data/experiments/selection_evidence.csv;models/final_evaluation.json,ml/tests/test_review_experiments.py;Đọc source,PASS,—
R4-14,4,"Ít nhất 1 biểu đồ/ma trận phù hợp và giải thích profile, không diễn giải nhân quả",ml/src/experiments.py;docs/GATE5_MODEL_SELECTION.md,GET /api/dashboard,reports/figures/experiments/validation_silhouette.png,e2e/customer-flow.spec.ts;Đọc source,PASS,—
R4-15,4,"Cấu trúc thư mục đề gợi ý, không bắt buộc trùng tên file",README.md,—,—,Đọc cấu trúc repo,NOT REQUIRED,Đề dùng từ cấu trúc gợi ý; monorepo ml/backend/frontend hiện tương đương.
R4-16,4,Giải thích khoảng biến thiên qua seed/fold khi phù hợp,ml/src/experiments.py;docs/GATE5_MODEL_SELECTION.md,—,reports/data/experiments/aggregate.csv;reports/data/experiments/stability.csv,ml/tests/test_experiments.py,PASS,—
R5-01,5,"Ứng dụng web có ít nhất 3 màn hình: phạm vi, thao tác, dashboard/model card",frontend/src/App.tsx,GET /api/model-info;GET /api/dashboard;POST /api/segment,models/model.json,e2e/customer-flow.spec.ts;CI8,PASS,—
R5-02,5,Dashboard cho xem/so sánh lựa chọn K bằng evidence K2–8,frontend/src/App.tsx;backend/model.mjs;docs/MODEL_CARD.md;docs/DATA_CARD.md;docs/GATE9_5_API_EXAMPLES.md,GET /api/dashboard,reports/data/experiments/selection_evidence.csv,e2e/customer-flow.spec.ts;Gate9.2:37797274530;Gate9.4:37812066044/37812066198;Gate9.5:37813391195/37813391072/37813391303,PASS,"ĐÃ ĐÓNG — K explorer Raw/Log 2..8, chỉ hiển thị experiment metrics, không đổi K2 phục vụ; E2E pass."
R5-03,5,Biểu đồ hồ sơ cụm theo median chi tiêu,frontend/src/App.tsx;docs/MODEL_CARD.md;docs/DATA_CARD.md;docs/GATE9_5_API_EXAMPLES.md,GET /api/dashboard,models/model.json;reports/figures/profiles/log1p_standardscaler_k2_seed42/median_ratio.png,Đọc UI;CI8;Gate9.2:37797274530;Gate9.4:37812066044/37812066198;Gate9.5:37813391195/37813391072/37813391303,PASS,"ĐÃ ĐÓNG — Biểu đồ median 6 biến theo cụm, ratio và median gốc lấy từ final_profile; API/E2E đối chiếu."
R5-04,5,"Form nhận 6 biến chi tiêu và trả cụm, khoảng cách, median profile",frontend/src/App.tsx;backend/model.mjs,POST /api/segment,models/model.json,backend/src/app.test.ts;e2e/customer-flow.spec.ts;CI8,PASS,—
R5-05,5,"API POST /api/segment trả JSON, schema/validation, HTTP codes và tests",backend/src/app.ts;backend/model.mjs,POST /api/segment,models/model.json,backend/src/app.test.ts;backend/model.test.mjs;CI8,PASS,—
R5-06,5,Có ví dụ request VÀ response JSON rõ trong API docs,docs/GATE6_SERVING.md;docs/MODEL_CARD.md;docs/DATA_CARD.md;docs/GATE9_5_API_EXAMPLES.md,POST /api/segment,—,Đọc tài liệu;Gate9.2:37797274530;Gate9.4:37812066044/37812066198;Gate9.5:37813391195/37813391072/37813391303,PASS,"ĐÃ ĐÓNG — Có POST /api/segment ví dụ cả request/response JSON đầy đủ và lỗi HTTP, test API/HTTP smoke."
R5-07,5,"Giao diện nêu đơn vị, miền dữ liệu, cảnh báo thiếu/ngoài miền; không tự sửa input",frontend/src/App.tsx;backend/model.mjs;docs/MODEL_CARD.md;docs/DATA_CARD.md;docs/GATE9_5_API_EXAMPLES.md,POST /api/segment;GET /api/model-info,reports/data/eda/train_summary_raw.csv,backend/src/app.test.ts;e2e/customer-flow.spec.ts;CI8;Gate9.2:37797274530;Gate9.4:37812066044/37812066198;Gate9.5:37813391195/37813391072/37813391303,PASS,"ĐÃ ĐÓNG — UI m.u./năm (không VND), strict sáu số, cảnh báo range không clipping; API/E2E pass."
R5-08,5,Train offline; serving chỉ load pipeline/model đã lưu,backend/model.mjs;ml/src/finalize_model.py,POST /api/segment;GET /api/health,models/model.json;models/model.joblib,backend/model.test.mjs;backend/parity.test.mjs;CI8,PASS,—
R5-09,5,"Mã nguồn sạch, README máy mới, requirements/lock",README.md;package.json;run.bat,—,package-lock.json;ml/requirements.txt,CI8;Đọc source,PASS,—
R5-10,5,"Dữ liệu: README, dictionary, script download/clean, license",data/README.md;data/data_dictionary.md;ml/src/prepare_data.py,—,reports/data/data_quality.json,ml/tests/test_audit_data.py,PASS,—
R5-11,5,"Mô hình: fitted pipeline/artifacts, seed/config, scripts train và evaluate riêng",ml/src/freeze_selection.py;ml/src/finalize_model.py,GET /api/model-info,models/selection.json;models/model.joblib;models/final_evaluation.json,ml/tests/test_gate5.py;backend/parity.test.mjs,PASS,—
R5-12,5,Web local có demo an toàn và model card,frontend/src/App.tsx;run.bat;docs/MODEL_CARD.md;docs/DATA_CARD.md;docs/GATE9_5_API_EXAMPLES.md,GET /api/model-info;POST /api/segment,models/model.json,e2e/customer-flow.spec.ts;CI8;Gate9.2:37797274530;Gate9.4:37812066044/37812066198;Gate9.5:37813391195/37813391072/37813391303,PASS,"ĐÃ ĐÓNG — Web 3 màn hình, Data Card/Model Card K2 seed/n_init/max_iter/limits, Windows E2E pass."
R5-13,5,"Báo cáo học thuật 15–25 trang (không phụ lục), PDF + DOCX/LaTeX",—,—,—,Đối chiếu đề/nội dung Git tree,MISSING,"Bắt buộc khi nộp; người dùng hoãn làm báo cáo, không phải NOT REQUIRED."
R5-14,5,"Trình bày 10–12 slides, demo 5–7 phút, tổng 12–15 phút và vấn đáp",—,—,—,Đối chiếu đề/nội dung Git tree,MISSING,"Bắt buộc khi nộp; chưa có slides/rehearsal, hiện hoãn."
R5-15,5,"Bàn giao repo link/hướng dẫn, model/data card, nhật ký 6 tuần, phân công/tự đánh giá",README.md;docs/AI_HANDOFF.md;docs/history/2026-10.md,—,data/data_dictionary.md;models/model.json,Đọc docs/Git history;Gate9.6 cold:37816077339,PARTIAL,"README, data/model cards có; nhật ký 6 tuần và bằng chứng đóng góp người thật chưa có."
R5-16,5,PCA 2D/hierarchical clustering mở rộng tùy chọn,—,—,—,Đối chiếu đề trang 5,NOT REQUIRED,"Đề nói phần mở rộng tùy chọn, không cần làm để đạt yêu cầu bắt buộc."
R5-17,5,"Cloud, mobile native app, deep learning, thu thập thêm dữ liệu",—,—,—,Đối chiếu đề trang 5,NOT REQUIRED,Đề xác nhận không bắt buộc; không thêm ngoài scope.
R5-18,5,SQLite/database chỉ khi thật sự cần,—,—,—,Đối chiếu đề trang 5,NOT REQUIRED,"Web đọc frozen artifacts, không có nhu cầu lưu giao dịch hay người dùng."
R5-19,5,Dashboard final profile/channel-region tương ứng đúng model K2 fit 352,frontend/src/App.tsx;ml/src/finalize_model.py;docs/MODEL_CARD.md;docs/DATA_CARD.md;docs/GATE9_5_API_EXAMPLES.md,GET /api/dashboard,models/model.json;reports/data/profiles/log1p_standardscaler_k2_seed42/profile_metadata.json,ml/tests/test_gate5.py;Đọc metadata;Gate9.2:37797274530;Gate9.4:37812066044/37812066198;Gate9.5:37813391195/37813391072/37813391303,PASS,"ĐÃ ĐÓNG — Final-profile 352 K2 có median, size, Channel/Region, distances và checksum; UI/API regression."
R6-01,6,"Tuần 1: project brief 1–2 trang, data README/schema, baseline plan",README.md;data/README.md;docs/EXPERIMENT_PROTOCOL.md,—,data/data_dictionary.md,Đọc hồ sơ,PARTIAL,Thông tin rải nhiều docs; chưa có project brief/checkpoint tuần 1 riêng xác nhận bởi nhóm/GV.
R6-02,6,"Tuần 2: data clean, EDA, baseline chạy, checkpoint giảng viên",ml/src/prepare_data.py;ml/src/eda.py;ml/src/experiments.py,—,reports/figures/eda;reports/data/experiments/baseline_k2.csv,ml/tests/test_eda.py,PARTIAL,Artifact/test có; chưa có minh chứng checkpoint trao đổi với giảng viên.
R6-03,6,"Tuần 3–4: 140 runs, tuning/review, figures, freeze, một lần test cuối",ml/src/experiments.py;ml/src/review_experiments.py;ml/src/finalize_model.py,—,models/final_evaluation.json;reports/data/experiments/selection_evidence.csv,ml/tests/test_gate5.py;CI8,PASS,—
R6-04,6,"Tuần 5: web demo end-to-end, API docs/test, checkpoint demo",frontend/src/App.tsx;backend/src/app.ts,POST /api/segment,docs/GATE6_SERVING.md,e2e/customer-flow.spec.ts;CI8,PARTIAL,E2E/API PASS; thiếu bằng chứng checkpoint demo trực tiếp với giảng viên.
R6-05,6,"Tuần 6: báo cáo, slide, rehearsal, release cuối và phân công",docs/GATE8_VERIFICATION.md,—,—,CI8;Đọc tree,PARTIAL,"CI/release kỹ thuật có; báo cáo, slide, rehearsal và biên bản phân công chưa có (được hoãn)."
R6-06,6,"Hai thành viên đều làm đáng kể cả ML và Web, không chia cứng chỉ viết báo cáo",—,—,—,Git history review,MISSING,"Chưa có minh chứng gắn công việc source/PR/test với cả hai người; cần dữ liệu thực, không tạo minh chứng giả."
R6-07,6,"PR/commit có mô tả công việc; nhật ký theo tuần ghi người, giờ, kết quả, vấn đề",docs/history/2026-10.md,—,—,Git history review,PARTIAL,Commit message mô tả việc; history kỹ thuật chưa có owner/time estimate theo 6 tuần và mọi commit quan sát liên kết 1 tài khoản.
R6-08,6,"Hai người hiểu pipeline, leakage, metric, API và vấn đáp độc lập",—,—,—,Chưa có evidence vấn đáp,MISSING,"Yêu cầu năng lực/thực hành nhóm: chưa thể chứng minh từ CI, phải có checklist phân vai và rehearsal thật."
R6-09,6,"Gate dữ liệu: nguồn/license/citation, script tái tạo, không dữ liệu nhạy cảm",data/README.md;ml/src/download_data.py,—,reports/data/data_quality.json,ml/tests/test_audit_data.py;Đọc tree,PASS,—
R6-10,6,"Gate đánh giá: split độc lập, baseline, validation/test, metrics và phân tích lỗi",ml/src/experiments.py;ml/src/finalize_model.py,GET /api/dashboard,models/final_evaluation.json;reports/data/experiments/selection_evidence.csv,ml/tests/test_gate5.py;CI8,PASS,—
R6-11,6,"Gate kỹ thuật: một lệnh/hướng dẫn chạy lại train/evaluate/app, không đường dẫn cá nhân",README.md;run.bat;data/README.md,GET /api/health,reports/data/profiles/log1p_standardscaler_k2_seed42/profile_metadata.json,CI8;Đọc artifact;Gate9.6 cold:37816077339,PARTIAL,"Windows one-click, Linux/Windows cold train-validation evidence PASS; chưa chứng minh byte-for-byte final-model refit/evaluate (đã khóa holdout)."
R6-12,6,"Gate Web: end-to-end/API, input xấu, model card/giới hạn",frontend/src/App.tsx;backend/src/app.ts;docs/MODEL_CARD.md;docs/DATA_CARD.md;docs/GATE9_5_API_EXAMPLES.md,POST /api/segment;GET /api/model-info,models/model.json,e2e/customer-flow.spec.ts;CI8;Gate9.2:37797274530;Gate9.4:37812066044/37812066198;Gate9.5:37813391195/37813391072/37813391303,PASS,"ĐÃ ĐÓNG — Web/API validation, bad inputs, 503, stale result, model card and E2E Linux/Windows."
R6-13,6,"Gate học thuật: nguồn bảng/hình, không sao chép, ghi rõ công cụ AI và cách kiểm chứng nếu có",README.md;docs/GATE8_VERIFICATION.md,—,reports/figures/experiments,Đọc docs;Gate9.6 cold:37816077339,PARTIAL,"Có trích nguồn UCI/scikit-learn và luận giải charts, nhưng nhóm chưa xác nhận AI disclosure/academic integrity."
R6-14,6,Báo cáo đóng góp cân bằng và tự đánh giá có xác nhận nhóm,—,—,—,Đọc Git tree,MISSING,"Không có biên bản tự đánh giá/đồng thuận của hai sinh viên. Đây là yêu cầu người thật, không tự suy diễn."
R7-01,7,"Rubric 1 (8đ): câu hỏi, đối tượng, thời điểm, metric, phạm vi",README.md;docs/DECISIONS.md;docs/MODEL_CARD.md;docs/DATA_CARD.md;docs/GATE9_5_API_EXAMPLES.md,—,models/selection.json,Đọc spec và source;Gate9.2:37797274530;Gate9.4:37812066044/37812066198;Gate9.5:37813391195/37813391072/37813391303,PASS,"ĐÃ ĐÓNG — Data/Model Card xác định câu hỏi, đối tượng, lúc có sáu feature, metrics và giới hạn."
R7-02,7,"Rubric 2 (12đ): nguồn/license, dictionary, chất lượng và EDA dẫn tới quyết định",data/README.md;ml/src/eda.py;docs/EDA.md,—,reports/data/data_quality.json;reports/figures/eda,ml/tests/test_eda.py,PASS,—
R7-03,7,"Rubric 3 (15đ): split, leakage, seed/version, test độc lập, tái lập",ml/src/split_data.py;ml/src/experiments.py;ml/src/finalize_model.py,—,models/final_evaluation.json,ml/tests/test_gate5.py;CI8;Gate9.6 cold:37816077339,PARTIAL,Evidence split/leakage/one-shot test có; cold replay candidate PASS; không fit lại final K2 và không chạy lại final test.
R7-04,7,"Rubric 4 (18đ): baseline, fair comparison/ablation/tuning",ml/src/experiments.py;docs/GATE5_MODEL_SELECTION.md,GET /api/dashboard,reports/data/experiments/review_table.csv,ml/tests/test_review_experiments.py,PASS,—
R7-05,7,"Rubric 5 (18đ): metrics chính, hình, phân tích lỗi/nhóm, diễn giải không phóng đại",docs/GATE5_MODEL_SELECTION.md;ml/src/profile_candidate.py;docs/MODEL_CARD.md;docs/DATA_CARD.md;docs/GATE9_5_API_EXAMPLES.md,GET /api/dashboard,reports/data/profiles/log1p_standardscaler_k2_seed42/cluster_quality.csv,ml/tests/test_gate4_independent.py;Gate9.2:37797274530;Gate9.4:37812066044/37812066198;Gate9.5:37813391195/37813391072/37813391303,PASS,"ĐÃ ĐÓNG — Có baseline, stable candidates, final profile, phân tích IQR và cảnh báo metric, UI charts."
R7-06,7,"Rubric 6 (12đ): Web/API end-to-end, UX, input, model card và warning",frontend/src/App.tsx;backend/src/app.ts;docs/MODEL_CARD.md;docs/DATA_CARD.md;docs/GATE9_5_API_EXAMPLES.md,POST /api/segment;GET /api/model-info,models/model.json,e2e/customer-flow.spec.ts;CI8;Gate9.2:37797274530;Gate9.4:37812066044/37812066198;Gate9.5:37813391195/37813391072/37813391303,PASS,"ĐÃ ĐÓNG — Web 3 màn hình, API strict/error, đầy đủ UI charts, model card, 40 browser cases trên 2 OS."
R7-07,7,"Rubric 7 (7đ): code sạch, README/environment/tests, artifacts có thể tái tạo",README.md;run.bat;ml/src/prepare_data.py,GET /api/health,package-lock.json;models/model.joblib,CI8;ml/tests/;Gate9.6 cold:37816077339,PARTIAL,Windows clean install và raw→development experiments replay PASS; historical candidate paths và final model reproducibility giới hạn.
R7-08,7,"Rubric 8 (10đ): logic/trích dẫn, slide/demo, trả lời cá nhân, phân công và Git",docs/history/2026-10.md;README.md,—,—,Git history review,MISSING,Slide/report và nhóm/vấn đáp chưa có evidence; có thể làm sau nhưng vẫn bắt buộc khi nộp.
R7-09,7,"Điều kiện điểm: không leakage, tái lập được, test độc lập; nếu không tối đa 50 điểm",ml/src/finalize_model.py;ml/src/split_data.py,—,models/final_evaluation.json,ml/tests/test_gate5.py;CI8;Gate9.6 cold:37816077339,PARTIAL,Một lần final test được lưu/guard; development reproducible. Không chứng minh độc lập lại byte artifact cuối vì không retrain.
R7-10,7,Điều kiện điểm: Web/API hoạt động (không có là mất mục 6),backend/src/app.ts;frontend/src/App.tsx,POST /api/segment,models/model.json,CI8;e2e/customer-flow.spec.ts,PASS,—
R7-11,7,"Điều kiện điểm: trích nguồn, dùng hợp pháp, không sao chép",data/README.md;README.md,—,data/data_dictionary.md,"Đọc source, không xác minh pháp lý độc lập;Gate9.6 cold:37816077339",PARTIAL,Source/license đã minh bạch; yêu cầu tự xác nhận nguồn và originality của bản nộp.
R7-12,7,Điều kiện điểm: từng người chứng minh đóng góp/hiểu biết; điểm cá nhân khác nhau,—,—,—,Git history review,MISSING,Không thể thay thế bằng CI hay code của một tài khoản; cần nhóm chứng minh từng cá nhân.
R7-13,7,"Đề cương báo cáo: tóm tắt, bối cảnh, dữ liệu, leakage, phương pháp, thực nghiệm, lỗi, web, đạo đức, kết luận, refs, phụ lục",—,—,—,"Đọc yêu cầu đề, kiểm tra Git tree",MISSING,"Báo cáo chưa được tạo theo yêu cầu; người dùng hoãn, không đánh dấu optional."
R7-14,7,"Tài liệu tham khảo tối thiểu: slide môn, UCI DOI và scikit-learn",README.md;data/README.md,—,—,Đọc citations trong repo;Gate9.6 cold:37816077339,PARTIAL,Đã có UCI DOI và scikit-learn; thiếu slide học phần để trích dẫn chính xác.
R7-15,7,"Sử dụng có trách nhiệm: tên cụm trung tính, không từ chối phục vụ theo cụm",models/model.json;frontend/src/App.tsx,POST /api/segment,models/model.json,e2e/customer-flow.spec.ts;Đọc source,PASS,—
R7-16,7,Tiêu chí không bắt buộc: PCA/hierarchical chỉ tính phần mở rộng,—,—,—,Đọc đề trang 5/7,NOT REQUIRED,Không cần thêm trước khi hoàn chỉnh chức năng bắt buộc.
